"X","cropCode","numPixelsWiZone","cropCodeFrom","cropCodeTo","yearFrom","yearTo"
"T32 R25W S24",111111,30,111,111,2008,2009
"T32 R25W S24",121121,1078,121,121,2008,2009
"T32 R25W S24",141141,277,141,141,2008,2009
"T32 R25W S24",141190,7,141,190,2008,2009
"T32 R25W S24",141195,6,141,195,2008,2009
"T32 R25W S24",195141,10,195,141,2008,2009
"T32 R25W S24",195176,8,195,176,2008,2009
"T32 R25W S24",195195,36,195,195,2008,2009
"T32 R25W S24",141176,8,141,176,2008,2009
"T32 R25W S24",176195,14,176,195,2008,2009
"T32 R25W S24",195142,1,195,142,2008,2009
"T32 R25W S24",176176,118,176,176,2008,2009
"T32 R25W S24",141152,1,141,152,2008,2009
"T32 R25W S24",176141,5,176,141,2008,2009
"T32 R25W S24",142141,18,142,141,2008,2009
"T32 R25W S24",121122,10,121,122,2008,2009
"T32 R25W S24",122122,748,122,122,2008,2009
"T32 R25W S24",141142,10,141,142,2008,2009
"T32 R25W S24",142176,1,142,176,2008,2009
"T32 R25W S24",122123,13,122,123,2008,2009
"T32 R25W S24",122121,21,122,121,2008,2009
"T32 R25W S24",111176,1,111,176,2008,2009
"T32 R25W S24",123122,19,123,122,2008,2009
"T32 R25W S24",123123,371,123,123,2008,2009
"T32 R25W S24",141111,3,141,111,2008,2009
"T32 R25W S24",123124,10,123,124,2008,2009
"T32 R25W S24",124124,16,124,124,2008,2009
"T32 R25W S24",123121,2,123,121,2008,2009
"T32 R25W S24",121123,14,121,123,2008,2009
"T32 R25W S24",176142,2,176,142,2008,2009
"T32 R25W S24",122124,1,122,124,2008,2009
"T32 R25W S24",121141,1,121,141,2008,2009
"T32 R25W S24",111111,26,111,111,2009,2010
"T32 R25W S24",111195,5,111,195,2009,2010
"T32 R25W S24",121121,375,121,121,2009,2010
"T32 R25W S24",141141,231,141,141,2009,2010
"T32 R25W S24",176195,9,176,195,2009,2010
"T32 R25W S24",190141,7,190,141,2009,2010
"T32 R25W S24",195141,5,195,141,2009,2010
"T32 R25W S24",195176,13,195,176,2009,2010
"T32 R25W S24",195195,36,195,195,2009,2010
"T32 R25W S24",152141,1,152,141,2009,2010
"T32 R25W S24",141195,16,141,195,2009,2010
"T32 R25W S24",142141,8,142,141,2009,2010
"T32 R25W S24",142195,1,142,195,2009,2010
"T32 R25W S24",111141,2,111,141,2009,2010
"T32 R25W S24",121141,83,121,141,2009,2010
"T32 R25W S24",121195,21,121,195,2009,2010
"T32 R25W S24",176141,6,176,141,2009,2010
"T32 R25W S24",176176,116,176,176,2009,2010
"T32 R25W S24",121142,22,121,142,2009,2010
"T32 R25W S24",121190,2,121,190,2009,2010
"T32 R25W S24",122121,73,122,121,2009,2010
"T32 R25W S24",122122,490,122,122,2009,2010
"T32 R25W S24",122195,8,122,195,2009,2010
"T32 R25W S24",141142,60,141,142,2009,2010
"T32 R25W S24",141176,4,141,176,2009,2010
"T32 R25W S24",122123,64,122,123,2009,2010
"T32 R25W S24",122141,46,122,141,2009,2010
"T32 R25W S24",123195,26,123,195,2009,2010
"T32 R25W S24",142176,1,142,176,2009,2010
"T32 R25W S24",195142,2,195,142,2009,2010
"T32 R25W S24",142142,3,142,142,2009,2010
"T32 R25W S24",121122,485,121,122,2009,2010
"T32 R25W S24",121176,97,121,176,2009,2010
"T32 R25W S24",123122,85,123,122,2009,2010
"T32 R25W S24",123123,153,123,123,2009,2010
"T32 R25W S24",123124,12,123,124,2009,2010
"T32 R25W S24",122176,91,122,176,2009,2010
"T32 R25W S24",124122,1,124,122,2009,2010
"T32 R25W S24",124123,12,124,123,2009,2010
"T32 R25W S24",124124,8,124,124,2009,2010
"T32 R25W S24",121123,12,121,123,2009,2010
"T32 R25W S24",123121,5,123,121,2009,2010
"T32 R25W S24",123005,2,123,5,2009,2010
"T32 R25W S24",123176,82,123,176,2009,2010
"T32 R25W S24",176142,3,176,142,2009,2010
"T32 R25W S24",123037,2,123,37,2009,2010
"T32 R25W S24",122142,3,122,142,2009,2010
"T32 R25W S24",121143,1,121,143,2009,2010
"T32 R25W S24",121027,1,121,27,2009,2010
"T32 R25W S24",123111,1,123,111,2009,2010
"T32 R25W S24",123141,22,123,141,2009,2010
"T32 R25W S24",124195,3,124,195,2009,2010
"T32 R25W S24",124176,2,124,176,2009,2010
"T32 R25W S24",122124,1,122,124,2009,2010
"T32 R25W S24",123142,8,123,142,2009,2010
"T32 R25W S24",124141,1,124,141,2009,2010
"T32 R25W S24",122152,1,122,152,2009,2010
"T32 R25W S24",176122,2,176,122,2009,2010
"T32 R25W S24",121206,2,121,206,2009,2010
"T32 R25W S24",111111,26,111,111,2010,2011
"T32 R25W S24",121121,199,121,121,2010,2011
"T32 R25W S24",141190,11,141,190,2010,2011
"T32 R25W S24",141195,7,141,195,2010,2011
"T32 R25W S24",176195,118,176,195,2010,2011
"T32 R25W S24",195111,4,195,111,2010,2011
"T32 R25W S24",195195,46,195,195,2010,2011
"T32 R25W S24",141141,290,141,141,2010,2011
"T32 R25W S24",195141,15,195,141,2010,2011
"T32 R25W S24",142190,4,142,190,2010,2011
"T32 R25W S24",195142,2,195,142,2010,2011
"T32 R25W S24",141142,11,141,142,2010,2011
"T32 R25W S24",141121,33,141,121,2010,2011
"T32 R25W S24",195121,14,195,121,2010,2011
"T32 R25W S24",142121,7,142,121,2010,2011
"T32 R25W S24",190121,2,190,121,2010,2011
"T32 R25W S24",121122,238,121,122,2010,2011
"T32 R25W S24",122122,859,122,122,2010,2011
"T32 R25W S24",176059,1,176,59,2010,2011
"T32 R25W S24",176141,7,176,141,2010,2011
"T32 R25W S24",195122,17,195,122,2010,2011
"T32 R25W S24",122121,117,122,121,2010,2011
"T32 R25W S24",122123,82,122,123,2010,2011
"T32 R25W S24",123122,91,123,122,2010,2011
"T32 R25W S24",142141,59,142,141,2010,2011
"T32 R25W S24",142195,3,142,195,2010,2011
"T32 R25W S24",142142,18,142,142,2010,2011
"T32 R25W S24",141122,35,141,122,2010,2011
"T32 R25W S24",121141,3,121,141,2010,2011
"T32 R25W S24",123123,141,123,123,2010,2011
"T32 R25W S24",124123,10,124,123,2010,2011
"T32 R25W S24",5121,1,5,121,2010,2011
"T32 R25W S24",176024,1,176,24,2010,2011
"T32 R25W S24",176122,143,176,122,2010,2011
"T32 R25W S24",176176,5,176,176,2010,2011
"T32 R25W S24",176121,58,176,121,2010,2011
"T32 R25W S24",122124,1,122,124,2010,2011
"T32 R25W S24",123124,7,123,124,2010,2011
"T32 R25W S24",176152,1,176,152,2010,2011
"T32 R25W S24",124124,11,124,124,2010,2011
"T32 R25W S24",122195,2,122,195,2010,2011
"T32 R25W S24",121142,1,121,142,2010,2011
"T32 R25W S24",176027,1,176,27,2010,2011
"T32 R25W S24",121123,12,121,123,2010,2011
"T32 R25W S24",123121,2,123,121,2010,2011
"T32 R25W S24",176123,69,176,123,2010,2011
"T32 R25W S24",195123,25,195,123,2010,2011
"T32 R25W S24",37122,1,37,122,2010,2011
"T32 R25W S24",122142,2,122,142,2010,2011
"T32 R25W S24",5123,1,5,123,2010,2011
"T32 R25W S24",142122,2,142,122,2010,2011
"T32 R25W S24",37123,1,37,123,2010,2011
"T32 R25W S24",143121,1,143,121,2010,2011
"T32 R25W S24",176124,2,176,124,2010,2011
"T32 R25W S24",27121,1,27,121,2010,2011
"T32 R25W S24",195124,2,195,124,2010,2011
"T32 R25W S24",141124,1,141,124,2010,2011
"T32 R25W S24",142124,1,142,124,2010,2011
"T32 R25W S24",141123,24,141,123,2010,2011
"T32 R25W S24",152122,1,152,122,2010,2011
"T32 R25W S24",111123,1,111,123,2010,2011
"T32 R25W S24",142123,7,142,123,2010,2011
"T32 R25W S24",206122,1,206,122,2010,2011
"T32 R25W S24",206121,1,206,121,2010,2011
"T32 R25W S24",111111,30,111,111,2011,2012
"T32 R25W S24",141111,2,141,111,2011,2012
"T32 R25W S24",141190,9,141,190,2011,2012
"T32 R25W S24",141195,25,141,195,2011,2012
"T32 R25W S24",190141,11,190,141,2011,2012
"T32 R25W S24",190190,2,190,190,2011,2012
"T32 R25W S24",195111,1,195,111,2011,2012
"T32 R25W S24",195141,7,195,141,2011,2012
"T32 R25W S24",195152,1,195,152,2011,2012
"T32 R25W S24",195190,2,195,190,2011,2012
"T32 R25W S24",195195,154,195,195,2011,2012
"T32 R25W S24",121121,304,121,121,2011,2012
"T32 R25W S24",141141,312,141,141,2011,2012
"T32 R25W S24",142190,1,142,190,2011,2012
"T32 R25W S24",142195,2,142,195,2011,2012
"T32 R25W S24",152195,1,152,195,2011,2012
"T32 R25W S24",190142,2,190,142,2011,2012
"T32 R25W S24",141142,9,141,142,2011,2012
"T32 R25W S24",142141,18,142,141,2011,2012
"T32 R25W S24",176195,3,176,195,2011,2012
"T32 R25W S24",195176,11,195,176,2011,2012
"T32 R25W S24",24195,1,24,195,2011,2012
"T32 R25W S24",121122,113,121,122,2011,2012
"T32 R25W S24",122121,349,122,121,2011,2012
"T32 R25W S24",122122,939,122,122,2011,2012
"T32 R25W S24",123122,103,123,122,2011,2012
"T32 R25W S24",142142,11,142,142,2011,2012
"T32 R25W S24",141176,1,141,176,2011,2012
"T32 R25W S24",122123,99,122,123,2011,2012
"T32 R25W S24",123123,261,123,123,2011,2012
"T32 R25W S24",123124,7,123,124,2011,2012
"T32 R25W S24",176176,1,176,176,2011,2012
"T32 R25W S24",59176,1,59,176,2011,2012
"T32 R25W S24",123121,2,123,121,2011,2012
"T32 R25W S24",124123,12,124,123,2011,2012
"T32 R25W S24",124124,13,124,124,2011,2012
"T32 R25W S24",141152,1,141,152,2011,2012
"T32 R25W S24",176152,1,176,152,2011,2012
"T32 R25W S24",142121,2,142,121,2011,2012
"T32 R25W S24",121123,1,121,123,2011,2012
"T32 R25W S24",141121,6,141,121,2011,2012
"T32 R25W S24",121141,17,121,141,2011,2012
"T32 R25W S24",27195,1,27,195,2011,2012
"T32 R25W S24",121142,1,121,142,2011,2012
"T32 R25W S24",141122,9,141,122,2011,2012
"T32 R25W S24",122141,1,122,141,2011,2012
"T32 R25W S24",111111,31,111,111,2012,2013
"T32 R25W S24",111195,1,111,195,2012,2013
"T32 R25W S24",141195,8,141,195,2012,2013
"T32 R25W S24",152195,2,152,195,2012,2013
"T32 R25W S24",190141,5,190,141,2012,2013
"T32 R25W S24",190195,2,190,195,2012,2013
"T32 R25W S24",195141,22,195,141,2012,2013
"T32 R25W S24",195190,2,195,190,2012,2013
"T32 R25W S24",195195,154,195,195,2012,2013
"T32 R25W S24",121121,335,121,121,2012,2013
"T32 R25W S24",141141,323,141,141,2012,2013
"T32 R25W S24",190111,2,190,111,2012,2013
"T32 R25W S24",142190,1,142,190,2012,2013
"T32 R25W S24",190142,5,190,142,2012,2013
"T32 R25W S24",195142,1,195,142,2012,2013
"T32 R25W S24",142195,3,142,195,2012,2013
"T32 R25W S24",141142,28,141,142,2012,2013
"T32 R25W S24",142141,1,142,141,2012,2013
"T32 R25W S24",176195,12,176,195,2012,2013
"T32 R25W S24",195005,1,195,5,2012,2013
"T32 R25W S24",195176,7,195,176,2012,2013
"T32 R25W S24",121122,310,121,122,2012,2013
"T32 R25W S24",122121,103,122,121,2012,2013
"T32 R25W S24",122122,917,122,122,2012,2013
"T32 R25W S24",141111,1,141,111,2012,2013
"T32 R25W S24",121141,10,121,141,2012,2013
"T32 R25W S24",111141,1,111,141,2012,2013
"T32 R25W S24",152141,1,152,141,2012,2013
"T32 R25W S24",142142,18,142,142,2012,2013
"T32 R25W S24",176141,1,176,141,2012,2013
"T32 R25W S24",123122,78,123,122,2012,2013
"T32 R25W S24",123123,278,123,123,2012,2013
"T32 R25W S24",124123,6,124,123,2012,2013
"T32 R25W S24",121123,7,121,123,2012,2013
"T32 R25W S24",123124,13,123,124,2012,2013
"T32 R25W S24",124124,14,124,124,2012,2013
"T32 R25W S24",122123,135,122,123,2012,2013
"T32 R25W S24",123121,4,123,121,2012,2013
"T32 R25W S24",176176,1,176,176,2012,2013
"T32 R25W S24",141121,3,141,121,2012,2013
"T32 R25W S24",121142,1,121,142,2012,2013
"T32 R25W S24",141122,3,141,122,2012,2013
"T32 R25W S24",122141,8,122,141,2012,2013
"T32 R25W S24",122142,1,122,142,2012,2013
"T32 R25W S24",111111,30,111,111,2013,2014
"T32 R25W S24",141195,18,141,195,2013,2014
"T32 R25W S24",190141,1,190,141,2013,2014
"T32 R25W S24",195111,4,195,111,2013,2014
"T32 R25W S24",195141,15,195,141,2013,2014
"T32 R25W S24",195195,123,195,195,2013,2014
"T32 R25W S24",121121,376,121,121,2013,2014
"T32 R25W S24",111141,4,111,141,2013,2014
"T32 R25W S24",141111,7,141,111,2013,2014
"T32 R25W S24",195037,1,195,37,2013,2014
"T32 R25W S24",142195,4,142,195,2013,2014
"T32 R25W S24",142142,17,142,142,2013,2014
"T32 R25W S24",5195,1,5,195,2013,2014
"T32 R25W S24",141142,16,141,142,2013,2014
"T32 R25W S24",176195,7,176,195,2013,2014
"T32 R25W S24",190122,2,190,122,2013,2014
"T32 R25W S24",195121,21,195,121,2013,2014
"T32 R25W S24",195122,14,195,122,2013,2014
"T32 R25W S24",195123,1,195,123,2013,2014
"T32 R25W S24",195176,2,195,176,2013,2014
"T32 R25W S24",121122,59,121,122,2013,2014
"T32 R25W S24",122121,569,122,121,2013,2014
"T32 R25W S24",122122,614,122,122,2013,2014
"T32 R25W S24",141121,85,141,121,2013,2014
"T32 R25W S24",141122,12,141,122,2013,2014
"T32 R25W S24",141141,231,141,141,2013,2014
"T32 R25W S24",142121,11,142,121,2013,2014
"T32 R25W S24",176176,1,176,176,2013,2014
"T32 R25W S24",142141,18,142,141,2013,2014
"T32 R25W S24",121123,10,121,123,2013,2014
"T32 R25W S24",195142,1,195,142,2013,2014
"T32 R25W S24",142111,4,142,111,2013,2014
"T32 R25W S24",122123,124,122,123,2013,2014
"T32 R25W S24",122124,1,122,124,2013,2014
"T32 R25W S24",123123,296,123,123,2013,2014
"T32 R25W S24",123124,5,123,124,2013,2014
"T32 R25W S24",123121,15,123,121,2013,2014
"T32 R25W S24",123122,110,123,122,2013,2014
"T32 R25W S24",124124,17,124,124,2013,2014
"T32 R25W S24",141123,3,141,123,2013,2014
"T32 R25W S24",124123,10,124,123,2013,2014
"T32 R25W S24",111111,42,111,111,2014,2015
"T32 R25W S24",111195,3,111,195,2014,2015
"T32 R25W S24",121121,1075,121,121,2014,2015
"T32 R25W S24",141190,1,141,190,2014,2015
"T32 R25W S24",141195,7,141,195,2014,2015
"T32 R25W S24",195111,7,195,111,2014,2015
"T32 R25W S24",195141,7,195,141,2014,2015
"T32 R25W S24",195195,113,195,195,2014,2015
"T32 R25W S24",176141,1,176,141,2014,2015
"T32 R25W S24",176195,2,176,195,2014,2015
"T32 R25W S24",141141,255,141,141,2014,2015
"T32 R25W S24",195176,26,195,176,2014,2015
"T32 R25W S24",37195,1,37,195,2014,2015
"T32 R25W S24",122121,5,122,121,2014,2015
"T32 R25W S24",122122,774,122,122,2014,2015
"T32 R25W S24",123121,1,123,121,2014,2015
"T32 R25W S24",142141,17,142,141,2014,2015
"T32 R25W S24",123123,431,123,123,2014,2015
"T32 R25W S24",124124,19,124,124,2014,2015
"T32 R25W S24",121122,1,121,122,2014,2015
"T32 R25W S24",122123,32,122,123,2014,2015
"T32 R25W S24",123122,10,123,122,2014,2015
"T32 R25W S24",142195,4,142,195,2014,2015
"T32 R25W S24",121123,1,121,123,2014,2015
"T32 R25W S24",142142,13,142,142,2014,2015
"T32 R25W S24",124123,4,124,123,2014,2015
"T32 R25W S24",141142,6,141,142,2014,2015
"T32 R25W S24",123124,2,123,124,2014,2015
"T32 R25W S24",111111,41,111,111,2015,2016
"T32 R25W S24",111195,8,111,195,2015,2016
"T32 R25W S24",121121,1054,121,121,2015,2016
"T32 R25W S24",141190,5,141,190,2015,2016
"T32 R25W S24",195141,21,195,141,2015,2016
"T32 R25W S24",195152,2,195,152,2015,2016
"T32 R25W S24",195195,100,195,195,2015,2016
"T32 R25W S24",141141,253,141,141,2015,2016
"T32 R25W S24",141195,16,141,195,2015,2016
"T32 R25W S24",190141,1,190,141,2015,2016
"T32 R25W S24",176176,12,176,176,2015,2016
"T32 R25W S24",195142,1,195,142,2015,2016
"T32 R25W S24",195176,6,195,176,2015,2016
"T32 R25W S24",176195,11,176,195,2015,2016
"T32 R25W S24",121122,27,121,122,2015,2016
"T32 R25W S24",122122,760,122,122,2015,2016
"T32 R25W S24",123123,451,123,123,2015,2016
"T32 R25W S24",124124,18,124,124,2015,2016
"T32 R25W S24",122121,9,122,121,2015,2016
"T32 R25W S24",123121,2,123,121,2015,2016
"T32 R25W S24",141142,5,141,142,2015,2016
"T32 R25W S24",142142,12,142,142,2015,2016
"T32 R25W S24",176141,2,176,141,2015,2016
"T32 R25W S24",122123,16,122,123,2015,2016
"T32 R25W S24",124123,3,124,123,2015,2016
"T32 R25W S24",123124,5,123,124,2015,2016
"T32 R25W S24",142141,7,142,141,2015,2016
"T32 R25W S24",141143,1,141,143,2015,2016
"T32 R25W S24",123122,10,123,122,2015,2016
"T32 R25W S24",176152,1,176,152,2015,2016
"T32 R25W S24",111111,36,111,111,2016,2017
"T32 R25W S24",111195,5,111,195,2016,2017
"T32 R25W S24",121121,1051,121,121,2016,2017
"T32 R25W S24",141195,13,141,195,2016,2017
"T32 R25W S24",190190,1,190,190,2016,2017
"T32 R25W S24",195111,5,195,111,2016,2017
"T32 R25W S24",195190,1,195,190,2016,2017
"T32 R25W S24",195195,84,195,195,2016,2017
"T32 R25W S24",141190,5,141,190,2016,2017
"T32 R25W S24",152195,3,152,195,2016,2017
"T32 R25W S24",142195,1,142,195,2016,2017
"T32 R25W S24",176195,8,176,195,2016,2017
"T32 R25W S24",190141,4,190,141,2016,2017
"T32 R25W S24",122122,761,122,122,2016,2017
"T32 R25W S24",123123,454,123,123,2016,2017
"T32 R25W S24",123121,1,123,121,2016,2017
"T32 R25W S24",124123,2,124,123,2016,2017
"T32 R25W S24",121122,11,121,122,2016,2017
"T32 R25W S24",121123,3,121,123,2016,2017
"T32 R25W S24",122121,26,122,121,2016,2017
"T32 R25W S24",195141,25,195,141,2016,2017
"T32 R25W S24",123122,9,123,122,2016,2017
"T32 R25W S24",141141,254,141,141,2016,2017
"T32 R25W S24",122123,10,122,123,2016,2017
"T32 R25W S24",195176,20,195,176,2016,2017
"T32 R25W S24",176176,9,176,176,2016,2017
"T32 R25W S24",141176,6,141,176,2016,2017
"T32 R25W S24",124124,21,124,124,2016,2017
"T32 R25W S24",143141,1,143,141,2016,2017
"T32 R25W S24",141142,6,141,142,2016,2017
"T32 R25W S24",142141,3,142,141,2016,2017
"T32 R25W S24",123124,6,123,124,2016,2017
"T32 R25W S24",176131,1,176,131,2016,2017
"T32 R25W S24",142142,14,142,142,2016,2017
"T32 R25W S24",111111,38,111,111,2017,2018
"T32 R25W S24",111195,3,111,195,2017,2018
"T32 R25W S24",121121,1073,121,121,2017,2018
"T32 R25W S24",190141,4,190,141,2017,2018
"T32 R25W S24",190190,1,190,190,2017,2018
"T32 R25W S24",190195,2,190,195,2017,2018
"T32 R25W S24",195111,6,195,111,2017,2018
"T32 R25W S24",195195,87,195,195,2017,2018
"T32 R25W S24",195141,13,195,141,2017,2018
"T32 R25W S24",195176,7,195,176,2017,2018
"T32 R25W S24",141190,18,141,190,2017,2018
"T32 R25W S24",141195,26,141,195,2017,2018
"T32 R25W S24",195142,1,195,142,2017,2018
"T32 R25W S24",122121,10,122,121,2017,2018
"T32 R25W S24",122122,762,122,122,2017,2018
"T32 R25W S24",123123,433,123,123,2017,2018
"T32 R25W S24",121123,2,121,123,2017,2018
"T32 R25W S24",123122,26,123,122,2017,2018
"T32 R25W S24",121122,3,121,122,2017,2018
"T32 R25W S24",123121,9,123,121,2017,2018
"T32 R25W S24",141141,240,141,141,2017,2018
"T32 R25W S24",142142,6,142,142,2017,2018
"T32 R25W S24",176195,16,176,195,2017,2018
"T32 R25W S24",141152,1,141,152,2017,2018
"T32 R25W S24",176176,14,176,176,2017,2018
"T32 R25W S24",176037,1,176,37,2017,2018
"T32 R25W S24",124124,21,124,124,2017,2018
"T32 R25W S24",122123,9,122,123,2017,2018
"T32 R25W S24",141176,2,141,176,2017,2018
"T32 R25W S24",123124,1,123,124,2017,2018
"T32 R25W S24",124123,6,124,123,2017,2018
"T32 R25W S24",176141,4,176,141,2017,2018
"T32 R25W S24",142141,14,142,141,2017,2018
"T32 R25W S24",131195,1,131,195,2017,2018
"T32 R25W S24",111111,35,111,111,2018,2019
"T32 R25W S24",111190,4,111,190,2018,2019
"T32 R25W S24",111195,3,111,195,2018,2019
"T32 R25W S24",121190,1,121,190,2018,2019
"T32 R25W S24",141190,13,141,190,2018,2019
"T32 R25W S24",190190,13,190,190,2018,2019
"T32 R25W S24",190195,1,190,195,2018,2019
"T32 R25W S24",195141,13,195,141,2018,2019
"T32 R25W S24",195190,4,195,190,2018,2019
"T32 R25W S24",195195,85,195,195,2018,2019
"T32 R25W S24",121195,28,121,195,2018,2019
"T32 R25W S24",141195,24,141,195,2018,2019
"T32 R25W S24",141121,5,141,121,2018,2019
"T32 R25W S24",176195,6,176,195,2018,2019
"T32 R25W S24",190121,1,190,121,2018,2019
"T32 R25W S24",141111,2,141,111,2018,2019
"T32 R25W S24",121122,15,121,122,2018,2019
"T32 R25W S24",121141,34,121,141,2018,2019
"T32 R25W S24",121143,12,121,143,2018,2019
"T32 R25W S24",121176,1,121,176,2018,2019
"T32 R25W S24",122122,753,122,122,2018,2019
"T32 R25W S24",123123,435,123,123,2018,2019
"T32 R25W S24",141141,197,141,141,2018,2019
"T32 R25W S24",141143,12,141,143,2018,2019
"T32 R25W S24",122143,1,122,143,2018,2019
"T32 R25W S24",121121,973,121,121,2018,2019
"T32 R25W S24",190122,1,190,122,2018,2019
"T32 R25W S24",37176,1,37,176,2018,2019
"T32 R25W S24",122121,5,122,121,2018,2019
"T32 R25W S24",121123,21,121,123,2018,2019
"T32 R25W S24",122141,4,122,141,2018,2019
"T32 R25W S24",122195,3,122,195,2018,2019
"T32 R25W S24",141122,5,141,122,2018,2019
"T32 R25W S24",141142,14,141,142,2018,2019
"T32 R25W S24",190141,2,190,141,2018,2019
"T32 R25W S24",142142,6,142,142,2018,2019
"T32 R25W S24",195142,1,195,142,2018,2019
"T32 R25W S24",111141,1,111,141,2018,2019
"T32 R25W S24",176141,2,176,141,2018,2019
"T32 R25W S24",176176,15,176,176,2018,2019
"T32 R25W S24",123121,3,123,121,2018,2019
"T32 R25W S24",123124,10,123,124,2018,2019
"T32 R25W S24",141176,3,141,176,2018,2019
"T32 R25W S24",190143,1,190,143,2018,2019
"T32 R25W S24",121036,1,121,36,2018,2019
"T32 R25W S24",121142,1,121,142,2018,2019
"T32 R25W S24",152141,1,152,141,2018,2019
"T32 R25W S24",195176,32,195,176,2018,2019
"T32 R25W S24",121037,1,121,37,2018,2019
"T32 R25W S24",111143,1,111,143,2018,2019
"T32 R25W S24",121061,1,121,61,2018,2019
"T32 R25W S24",121131,3,121,131,2018,2019
"T32 R25W S24",122123,25,122,123,2018,2019
"T32 R25W S24",124124,22,124,124,2018,2019
"T32 R25W S24",123122,2,123,122,2018,2019
"T32 R25W S24",142143,1,142,143,2018,2019
"T32 R25W S24",111111,36,111,111,2019,2020
"T32 R25W S24",111195,1,111,195,2019,2020
"T32 R25W S24",141195,19,141,195,2019,2020
"T32 R25W S24",190111,2,190,111,2019,2020
"T32 R25W S24",190190,24,190,190,2019,2020
"T32 R25W S24",190195,7,190,195,2019,2020
"T32 R25W S24",195111,1,195,111,2019,2020
"T32 R25W S24",195141,9,195,141,2019,2020
"T32 R25W S24",195190,4,195,190,2019,2020
"T32 R25W S24",195195,134,195,195,2019,2020
"T32 R25W S24",190141,2,190,141,2019,2020
"T32 R25W S24",121121,987,121,121,2019,2020
"T32 R25W S24",142143,2,142,143,2019,2020
"T32 R25W S24",122122,776,122,122,2019,2020
"T32 R25W S24",123123,481,123,123,2019,2020
"T32 R25W S24",141141,190,141,141,2019,2020
"T32 R25W S24",143195,2,143,195,2019,2020
"T32 R25W S24",176176,36,176,176,2019,2020
"T32 R25W S24",141190,24,141,190,2019,2020
"T32 R25W S24",143141,11,143,141,2019,2020
"T32 R25W S24",195143,1,195,143,2019,2020
"T32 R25W S24",36176,1,36,176,2019,2020
"T32 R25W S24",37037,1,37,37,2019,2020
"T32 R25W S24",142142,17,142,142,2019,2020
"T32 R25W S24",141143,19,141,143,2019,2020
"T32 R25W S24",141111,1,141,111,2019,2020
"T32 R25W S24",124124,32,124,124,2019,2020
"T32 R25W S24",176195,8,176,195,2019,2020
"T32 R25W S24",141176,1,141,176,2019,2020
"T32 R25W S24",131176,2,131,176,2019,2020
"T32 R25W S24",61005,1,61,5,2019,2020
"T32 R25W S24",131195,1,131,195,2019,2020
"T32 R25W S24",176037,2,176,37,2019,2020
"T32 R25W S24",142141,3,142,141,2019,2020
"T32 R25W S24",176143,3,176,143,2019,2020
"T32 R25W S24",176141,2,176,141,2019,2020
"T32 R25W S24",176142,1,176,142,2019,2020
"T32 R25W S24",195142,1,195,142,2019,2020
"T32 R25W S24",143142,15,143,142,2019,2020
"T32 R25W S24",111111,34,111,111,2020,2021
"T32 R25W S24",111190,1,111,190,2020,2021
"T32 R25W S24",111195,1,111,195,2020,2021
"T32 R25W S24",141141,160,141,141,2020,2021
"T32 R25W S24",141195,2,141,195,2020,2021
"T32 R25W S24",190190,35,190,190,2020,2021
"T32 R25W S24",190195,5,190,195,2020,2021
"T32 R25W S24",195111,2,195,111,2020,2021
"T32 R25W S24",195190,3,195,190,2020,2021
"T32 R25W S24",195195,79,195,195,2020,2021
"T32 R25W S24",141190,4,141,190,2020,2021
"T32 R25W S24",142190,1,142,190,2020,2021
"T32 R25W S24",176176,37,176,176,2020,2021
"T32 R25W S24",190141,11,190,141,2020,2021
"T32 R25W S24",190142,1,190,142,2020,2021
"T32 R25W S24",195121,8,195,121,2020,2021
"T32 R25W S24",121121,655,121,121,2020,2021
"T32 R25W S24",121122,275,121,122,2020,2021
"T32 R25W S24",143190,1,143,190,2020,2021
"T32 R25W S24",195176,59,195,176,2020,2021
"T32 R25W S24",122122,592,122,122,2020,2021
"T32 R25W S24",123123,413,123,123,2020,2021
"T32 R25W S24",141176,14,141,176,2020,2021
"T32 R25W S24",142142,16,142,142,2020,2021
"T32 R25W S24",176121,2,176,121,2020,2021
"T32 R25W S24",195122,8,195,122,2020,2021
"T32 R25W S24",195123,3,195,123,2020,2021
"T32 R25W S24",195141,8,195,141,2020,2021
"T32 R25W S24",5005,1,5,5,2020,2021
"T32 R25W S24",121123,57,121,123,2020,2021
"T32 R25W S24",122123,135,122,123,2020,2021
"T32 R25W S24",122124,4,122,124,2020,2021
"T32 R25W S24",141121,26,141,121,2020,2021
"T32 R25W S24",37176,2,37,176,2020,2021
"T32 R25W S24",122121,45,122,121,2020,2021
"T32 R25W S24",123121,8,123,121,2020,2021
"T32 R25W S24",123122,49,123,122,2020,2021
"T32 R25W S24",123124,11,123,124,2020,2021
"T32 R25W S24",143141,9,143,141,2020,2021
"T32 R25W S24",143142,1,143,142,2020,2021
"T32 R25W S24",143143,5,143,143,2020,2021
"T32 R25W S24",111142,3,111,142,2020,2021
"T32 R25W S24",141152,1,141,152,2020,2021
"T32 R25W S24",124124,26,124,124,2020,2021
"T32 R25W S24",176190,1,176,190,2020,2021
"T32 R25W S24",195143,2,195,143,2020,2021
"T32 R25W S24",143176,6,143,176,2020,2021
"T32 R25W S24",143195,1,143,195,2020,2021
"T32 R25W S24",141143,3,141,143,2020,2021
"T32 R25W S24",111143,1,111,143,2020,2021
"T32 R25W S24",142121,2,142,121,2020,2021
"T32 R25W S24",37122,1,37,122,2020,2021
"T32 R25W S24",141122,6,141,122,2020,2021
"T32 R25W S24",124123,5,124,123,2020,2021
"T32 R25W S24",141123,1,141,123,2020,2021
"T32 R25W S24",143122,1,143,122,2020,2021
"T32 R25W S24",124122,1,124,122,2020,2021
"T32 R25W S24",142143,12,142,143,2020,2021
"T32 R25W S24",143123,1,143,123,2020,2021
"T32 R25W S24",142122,3,142,122,2020,2021
