yearFrom,yearTo,cropRotate,plottingColorFrom,plottingColorTo,plotXAxisFrom,plotXAxisTo,plotYAxisFrom,plotYAxisTo,totalPercPixelsWiArea_cropYearFrom,totalPercPixelsWiArea_cropYearTo
2008,2009,corn_corn,#ffd300,#ffd300,1,2,6.4,6.4,13.70265359,13.44378286
2008,2009,corn_dryBeans,#ffd300,#e41a1c,1,2,6.4,1.9,13.70265359,0.233058645
2008,2009,corn_hay,#ffd300,#f781bf,1,2,6.4,4.6,13.70265359,1.704080747
2008,2009,corn_other,#ffd300,#AAAAAA,1,2,6.4,1,13.70265359,67.2911192
2008,2009,corn_soy,#ffd300,#4daf4a,1,2,6.4,5.5,13.70265359,13.52866259
2008,2009,corn_springWheat,#ffd300,#a65628,1,2,6.4,3.7,13.70265359,2.974159113
2008,2009,corn_sugarbeets,#ffd300,#377eb8,1,2,6.4,2.8,13.70265359,0.825136844
2008,2009,dryBeans_corn,#e41a1c,#ffd300,1,2,1.9,6.4,0.222939787,13.44378286
2008,2009,dryBeans_dryBeans,#e41a1c,#e41a1c,1,2,1.9,1.9,0.222939787,0.233058645
2008,2009,dryBeans_hay,#e41a1c,#f781bf,1,2,1.9,4.6,0.222939787,1.704080747
2008,2009,dryBeans_other,#e41a1c,#AAAAAA,1,2,1.9,1,0.222939787,67.2911192
2008,2009,dryBeans_soy,#e41a1c,#4daf4a,1,2,1.9,5.5,0.222939787,13.52866259
2008,2009,dryBeans_springWheat,#e41a1c,#a65628,1,2,1.9,3.7,0.222939787,2.974159113
2008,2009,dryBeans_sugarbeets,#e41a1c,#377eb8,1,2,1.9,2.8,0.222939787,0.825136844
2008,2009,hay_corn,#f781bf,#ffd300,1,2,4.6,6.4,1.919091975,13.44378286
2008,2009,hay_dryBeans,#f781bf,#e41a1c,1,2,4.6,1.9,1.919091975,0.233058645
2008,2009,hay_hay,#f781bf,#f781bf,1,2,4.6,4.6,1.919091975,1.704080747
2008,2009,hay_other,#f781bf,#AAAAAA,1,2,4.6,1,1.919091975,67.2911192
2008,2009,hay_soy,#f781bf,#4daf4a,1,2,4.6,5.5,1.919091975,13.52866259
2008,2009,hay_springWheat,#f781bf,#a65628,1,2,4.6,3.7,1.919091975,2.974159113
2008,2009,hay_sugarbeets,#f781bf,#377eb8,1,2,4.6,2.8,1.919091975,0.825136844
2008,2009,other_corn,#AAAAAA,#ffd300,1,2,1,6.4,66.84455318,13.44378286
2008,2009,other_dryBeans,#AAAAAA,#e41a1c,1,2,1,1.9,66.84455318,0.233058645
2008,2009,other_hay,#AAAAAA,#f781bf,1,2,1,4.6,66.84455318,1.704080747
2008,2009,other_other,#AAAAAA,#AAAAAA,1,2,1,1,66.84455318,67.2911192
2008,2009,other_soy,#AAAAAA,#4daf4a,1,2,1,5.5,66.84455318,13.52866259
2008,2009,other_springWheat,#AAAAAA,#a65628,1,2,1,3.7,66.84455318,2.974159113
2008,2009,other_sugarbeets,#AAAAAA,#377eb8,1,2,1,2.8,66.84455318,0.825136844
2008,2009,soy_corn,#4daf4a,#ffd300,1,2,5.5,6.4,13.15421994,13.44378286
2008,2009,soy_dryBeans,#4daf4a,#e41a1c,1,2,5.5,1.9,13.15421994,0.233058645
2008,2009,soy_hay,#4daf4a,#f781bf,1,2,5.5,4.6,13.15421994,1.704080747
2008,2009,soy_other,#4daf4a,#AAAAAA,1,2,5.5,1,13.15421994,67.2911192
2008,2009,soy_soy,#4daf4a,#4daf4a,1,2,5.5,5.5,13.15421994,13.52866259
2008,2009,soy_springWheat,#4daf4a,#a65628,1,2,5.5,3.7,13.15421994,2.974159113
2008,2009,soy_sugarbeets,#4daf4a,#377eb8,1,2,5.5,2.8,13.15421994,0.825136844
2008,2009,springWheat_corn,#a65628,#ffd300,1,2,3.7,6.4,3.376562968,13.44378286
2008,2009,springWheat_dryBeans,#a65628,#e41a1c,1,2,3.7,1.9,3.376562968,0.233058645
2008,2009,springWheat_hay,#a65628,#f781bf,1,2,3.7,4.6,3.376562968,1.704080747
2008,2009,springWheat_other,#a65628,#AAAAAA,1,2,3.7,1,3.376562968,67.2911192
2008,2009,springWheat_soy,#a65628,#4daf4a,1,2,3.7,5.5,3.376562968,13.52866259
2008,2009,springWheat_springWheat,#a65628,#a65628,1,2,3.7,3.7,3.376562968,2.974159113
2008,2009,springWheat_sugarbeets,#a65628,#377eb8,1,2,3.7,2.8,3.376562968,0.825136844
2008,2009,sugarbeets_corn,#377eb8,#ffd300,1,2,2.8,6.4,0.779978561,13.44378286
2008,2009,sugarbeets_dryBeans,#377eb8,#e41a1c,1,2,2.8,1.9,0.779978561,0.233058645
2008,2009,sugarbeets_hay,#377eb8,#f781bf,1,2,2.8,4.6,0.779978561,1.704080747
2008,2009,sugarbeets_other,#377eb8,#AAAAAA,1,2,2.8,1,0.779978561,67.2911192
2008,2009,sugarbeets_soy,#377eb8,#4daf4a,1,2,2.8,5.5,0.779978561,13.52866259
2008,2009,sugarbeets_springWheat,#377eb8,#a65628,1,2,2.8,3.7,0.779978561,2.974159113
2008,2009,sugarbeets_sugarbeets,#377eb8,#377eb8,1,2,2.8,2.8,0.779978561,0.825136844
2009,2010,corn_corn,#ffd300,#ffd300,2,3,6.4,6.4,13.44378286,13.58197715
2009,2010,corn_dryBeans,#ffd300,#e41a1c,2,3,6.4,1.9,13.44378286,0.246999305
2009,2010,corn_hay,#ffd300,#f781bf,2,3,6.4,4.6,13.44378286,1.358610656
2009,2010,corn_other,#ffd300,#AAAAAA,2,3,6.4,1,13.44378286,67.50135657
2009,2010,corn_soy,#ffd300,#4daf4a,2,3,6.4,5.5,13.44378286,13.73687891
2009,2010,corn_springWheat,#ffd300,#a65628,2,3,6.4,3.7,13.44378286,2.84218487
2009,2010,corn_sugarbeets,#ffd300,#377eb8,2,3,6.4,2.8,13.44378286,0.731992531
2009,2010,dryBeans_corn,#e41a1c,#ffd300,2,3,1.9,6.4,0.233522318,13.58197715
2009,2010,dryBeans_dryBeans,#e41a1c,#e41a1c,2,3,1.9,1.9,0.233522318,0.246999305
2009,2010,dryBeans_hay,#e41a1c,#f781bf,2,3,1.9,4.6,0.233522318,1.358610656
2009,2010,dryBeans_other,#e41a1c,#AAAAAA,2,3,1.9,1,0.233522318,67.50135657
2009,2010,dryBeans_soy,#e41a1c,#4daf4a,2,3,1.9,5.5,0.233522318,13.73687891
2009,2010,dryBeans_springWheat,#e41a1c,#a65628,2,3,1.9,3.7,0.233522318,2.84218487
2009,2010,dryBeans_sugarbeets,#e41a1c,#377eb8,2,3,1.9,2.8,0.233522318,0.731992531
2009,2010,hay_corn,#f781bf,#ffd300,2,3,4.6,6.4,1.743846671,13.58197715
2009,2010,hay_dryBeans,#f781bf,#e41a1c,2,3,4.6,1.9,1.743846671,0.246999305
2009,2010,hay_hay,#f781bf,#f781bf,2,3,4.6,4.6,1.743846671,1.358610656
2009,2010,hay_other,#f781bf,#AAAAAA,2,3,4.6,1,1.743846671,67.50135657
2009,2010,hay_soy,#f781bf,#4daf4a,2,3,4.6,5.5,1.743846671,13.73687891
2009,2010,hay_springWheat,#f781bf,#a65628,2,3,4.6,3.7,1.743846671,2.84218487
2009,2010,hay_sugarbeets,#f781bf,#377eb8,2,3,4.6,2.8,1.743846671,0.731992531
2009,2010,other_corn,#AAAAAA,#ffd300,2,3,1,6.4,67.25056388,13.58197715
2009,2010,other_dryBeans,#AAAAAA,#e41a1c,2,3,1,1.9,67.25056388,0.246999305
2009,2010,other_hay,#AAAAAA,#f781bf,2,3,1,4.6,67.25056388,1.358610656
2009,2010,other_other,#AAAAAA,#AAAAAA,2,3,1,1,67.25056388,67.50135657
2009,2010,other_soy,#AAAAAA,#4daf4a,2,3,1,5.5,67.25056388,13.73687891
2009,2010,other_springWheat,#AAAAAA,#a65628,2,3,1,3.7,67.25056388,2.84218487
2009,2010,other_sugarbeets,#AAAAAA,#377eb8,2,3,1,2.8,67.25056388,0.731992531
2009,2010,soy_corn,#4daf4a,#ffd300,2,3,5.5,6.4,13.52866259,13.58197715
2009,2010,soy_dryBeans,#4daf4a,#e41a1c,2,3,5.5,1.9,13.52866259,0.246999305
2009,2010,soy_hay,#4daf4a,#f781bf,2,3,5.5,4.6,13.52866259,1.358610656
2009,2010,soy_other,#4daf4a,#AAAAAA,2,3,5.5,1,13.52866259,67.50135657
2009,2010,soy_soy,#4daf4a,#4daf4a,2,3,5.5,5.5,13.52866259,13.73687891
2009,2010,soy_springWheat,#4daf4a,#a65628,2,3,5.5,3.7,13.52866259,2.84218487
2009,2010,soy_sugarbeets,#4daf4a,#377eb8,2,3,5.5,2.8,13.52866259,0.731992531
2009,2010,springWheat_corn,#a65628,#ffd300,2,3,3.7,6.4,2.974159113,13.58197715
2009,2010,springWheat_dryBeans,#a65628,#e41a1c,2,3,3.7,1.9,2.974159113,0.246999305
2009,2010,springWheat_hay,#a65628,#f781bf,2,3,3.7,4.6,2.974159113,1.358610656
2009,2010,springWheat_other,#a65628,#AAAAAA,2,3,3.7,1,2.974159113,67.50135657
2009,2010,springWheat_soy,#a65628,#4daf4a,2,3,3.7,5.5,2.974159113,13.73687891
2009,2010,springWheat_springWheat,#a65628,#a65628,2,3,3.7,3.7,2.974159113,2.84218487
2009,2010,springWheat_sugarbeets,#a65628,#377eb8,2,3,3.7,2.8,2.974159113,0.731992531
2009,2010,sugarbeets_corn,#377eb8,#ffd300,2,3,2.8,6.4,0.825462568,13.58197715
2009,2010,sugarbeets_dryBeans,#377eb8,#e41a1c,2,3,2.8,1.9,0.825462568,0.246999305
2009,2010,sugarbeets_hay,#377eb8,#f781bf,2,3,2.8,4.6,0.825462568,1.358610656
2009,2010,sugarbeets_other,#377eb8,#AAAAAA,2,3,2.8,1,0.825462568,67.50135657
2009,2010,sugarbeets_soy,#377eb8,#4daf4a,2,3,2.8,5.5,0.825462568,13.73687891
2009,2010,sugarbeets_springWheat,#377eb8,#a65628,2,3,2.8,3.7,0.825462568,2.84218487
2009,2010,sugarbeets_sugarbeets,#377eb8,#377eb8,2,3,2.8,2.8,0.825462568,0.731992531
2010,2011,corn_corn,#ffd300,#ffd300,3,4,6.4,6.4,13.58197715,14.88321714
2010,2011,corn_dryBeans,#ffd300,#e41a1c,3,4,6.4,1.9,13.58197715,0.167163558
2010,2011,corn_hay,#ffd300,#f781bf,3,4,6.4,4.6,13.58197715,2.495418059
2010,2011,corn_other,#ffd300,#AAAAAA,3,4,6.4,1,13.58197715,64.99938862
2010,2011,corn_soy,#ffd300,#4daf4a,3,4,6.4,5.5,13.58197715,13.70181478
2010,2011,corn_springWheat,#ffd300,#a65628,3,4,6.4,3.7,13.58197715,3.004410682
2010,2011,corn_sugarbeets,#ffd300,#377eb8,3,4,6.4,2.8,13.58197715,0.748587163
2010,2011,dryBeans_corn,#e41a1c,#ffd300,3,4,1.9,6.4,0.247215494,14.88321714
2010,2011,dryBeans_dryBeans,#e41a1c,#e41a1c,3,4,1.9,1.9,0.247215494,0.167163558
2010,2011,dryBeans_hay,#e41a1c,#f781bf,3,4,1.9,4.6,0.247215494,2.495418059
2010,2011,dryBeans_other,#e41a1c,#AAAAAA,3,4,1.9,1,0.247215494,64.99938862
2010,2011,dryBeans_soy,#e41a1c,#4daf4a,3,4,1.9,5.5,0.247215494,13.70181478
2010,2011,dryBeans_springWheat,#e41a1c,#a65628,3,4,1.9,3.7,0.247215494,3.004410682
2010,2011,dryBeans_sugarbeets,#e41a1c,#377eb8,3,4,1.9,2.8,0.247215494,0.748587163
2010,2011,hay_corn,#f781bf,#ffd300,3,4,4.6,6.4,1.178152944,14.88321714
2010,2011,hay_dryBeans,#f781bf,#e41a1c,3,4,4.6,1.9,1.178152944,0.167163558
2010,2011,hay_hay,#f781bf,#f781bf,3,4,4.6,4.6,1.178152944,2.495418059
2010,2011,hay_other,#f781bf,#AAAAAA,3,4,4.6,1,1.178152944,64.99938862
2010,2011,hay_soy,#f781bf,#4daf4a,3,4,4.6,5.5,1.178152944,13.70181478
2010,2011,hay_springWheat,#f781bf,#a65628,3,4,4.6,3.7,1.178152944,3.004410682
2010,2011,hay_sugarbeets,#f781bf,#377eb8,3,4,4.6,2.8,1.178152944,0.748587163
2010,2011,other_corn,#AAAAAA,#ffd300,3,4,1,6.4,67.68152233,14.88321714
2010,2011,other_dryBeans,#AAAAAA,#e41a1c,3,4,1,1.9,67.68152233,0.167163558
2010,2011,other_hay,#AAAAAA,#f781bf,3,4,1,4.6,67.68152233,2.495418059
2010,2011,other_other,#AAAAAA,#AAAAAA,3,4,1,1,67.68152233,64.99938862
2010,2011,other_soy,#AAAAAA,#4daf4a,3,4,1,5.5,67.68152233,13.70181478
2010,2011,other_springWheat,#AAAAAA,#a65628,3,4,1,3.7,67.68152233,3.004410682
2010,2011,other_sugarbeets,#AAAAAA,#377eb8,3,4,1,2.8,67.68152233,0.748587163
2010,2011,soy_corn,#4daf4a,#ffd300,3,4,5.5,6.4,13.73687891,14.88321714
2010,2011,soy_dryBeans,#4daf4a,#e41a1c,3,4,5.5,1.9,13.73687891,0.167163558
2010,2011,soy_hay,#4daf4a,#f781bf,3,4,5.5,4.6,13.73687891,2.495418059
2010,2011,soy_other,#4daf4a,#AAAAAA,3,4,5.5,1,13.73687891,64.99938862
2010,2011,soy_soy,#4daf4a,#4daf4a,3,4,5.5,5.5,13.73687891,13.70181478
2010,2011,soy_springWheat,#4daf4a,#a65628,3,4,5.5,3.7,13.73687891,3.004410682
2010,2011,soy_sugarbeets,#4daf4a,#377eb8,3,4,5.5,2.8,13.73687891,0.748587163
2010,2011,springWheat_corn,#a65628,#ffd300,3,4,3.7,6.4,2.84218487,14.88321714
2010,2011,springWheat_dryBeans,#a65628,#e41a1c,3,4,3.7,1.9,2.84218487,0.167163558
2010,2011,springWheat_hay,#a65628,#f781bf,3,4,3.7,4.6,2.84218487,2.495418059
2010,2011,springWheat_other,#a65628,#AAAAAA,3,4,3.7,1,2.84218487,64.99938862
2010,2011,springWheat_soy,#a65628,#4daf4a,3,4,3.7,5.5,2.84218487,13.70181478
2010,2011,springWheat_springWheat,#a65628,#a65628,3,4,3.7,3.7,2.84218487,3.004410682
2010,2011,springWheat_sugarbeets,#a65628,#377eb8,3,4,3.7,2.8,2.84218487,0.748587163
2010,2011,sugarbeets_corn,#377eb8,#ffd300,3,4,2.8,6.4,0.7320683,14.88321714
2010,2011,sugarbeets_dryBeans,#377eb8,#e41a1c,3,4,2.8,1.9,0.7320683,0.167163558
2010,2011,sugarbeets_hay,#377eb8,#f781bf,3,4,2.8,4.6,0.7320683,2.495418059
2010,2011,sugarbeets_other,#377eb8,#AAAAAA,3,4,2.8,1,0.7320683,64.99938862
2010,2011,sugarbeets_soy,#377eb8,#4daf4a,3,4,2.8,5.5,0.7320683,13.70181478
2010,2011,sugarbeets_springWheat,#377eb8,#a65628,3,4,2.8,3.7,0.7320683,3.004410682
2010,2011,sugarbeets_sugarbeets,#377eb8,#377eb8,3,4,2.8,2.8,0.7320683,0.748587163
2011,2012,corn_corn,#ffd300,#ffd300,4,5,6.4,6.4,14.88321714,16.15959915
2011,2012,corn_dryBeans,#ffd300,#e41a1c,4,5,6.4,1.9,14.88321714,0.290343664
2011,2012,corn_hay,#ffd300,#f781bf,4,5,6.4,4.6,14.88321714,3.630319297
2011,2012,corn_other,#ffd300,#AAAAAA,4,5,6.4,1,14.88321714,63.91810296
2011,2012,corn_soy,#ffd300,#4daf4a,4,5,6.4,5.5,14.88321714,12.67936369
2011,2012,corn_springWheat,#ffd300,#a65628,4,5,6.4,3.7,14.88321714,2.449089063
2011,2012,corn_sugarbeets,#ffd300,#377eb8,4,5,6.4,2.8,14.88321714,0.873182171
2011,2012,dryBeans_corn,#e41a1c,#ffd300,4,5,1.9,6.4,0.167392512,16.15959915
2011,2012,dryBeans_dryBeans,#e41a1c,#e41a1c,4,5,1.9,1.9,0.167392512,0.290343664
2011,2012,dryBeans_hay,#e41a1c,#f781bf,4,5,1.9,4.6,0.167392512,3.630319297
2011,2012,dryBeans_other,#e41a1c,#AAAAAA,4,5,1.9,1,0.167392512,63.91810296
2011,2012,dryBeans_soy,#e41a1c,#4daf4a,4,5,1.9,5.5,0.167392512,12.67936369
2011,2012,dryBeans_springWheat,#e41a1c,#a65628,4,5,1.9,3.7,0.167392512,2.449089063
2011,2012,dryBeans_sugarbeets,#e41a1c,#377eb8,4,5,1.9,2.8,0.167392512,0.873182171
2011,2012,hay_corn,#f781bf,#ffd300,4,5,4.6,6.4,4.23976217,16.15959915
2011,2012,hay_dryBeans,#f781bf,#e41a1c,4,5,4.6,1.9,4.23976217,0.290343664
2011,2012,hay_hay,#f781bf,#f781bf,4,5,4.6,4.6,4.23976217,3.630319297
2011,2012,hay_other,#f781bf,#AAAAAA,4,5,4.6,1,4.23976217,63.91810296
2011,2012,hay_soy,#f781bf,#4daf4a,4,5,4.6,5.5,4.23976217,12.67936369
2011,2012,hay_springWheat,#f781bf,#a65628,4,5,4.6,3.7,4.23976217,2.449089063
2011,2012,hay_sugarbeets,#f781bf,#377eb8,4,5,4.6,2.8,4.23976217,0.873182171
2011,2012,other_corn,#AAAAAA,#ffd300,4,5,1,6.4,63.25477479,16.15959915
2011,2012,other_dryBeans,#AAAAAA,#e41a1c,4,5,1,1.9,63.25477479,0.290343664
2011,2012,other_hay,#AAAAAA,#f781bf,4,5,1,4.6,63.25477479,3.630319297
2011,2012,other_other,#AAAAAA,#AAAAAA,4,5,1,1,63.25477479,63.91810296
2011,2012,other_soy,#AAAAAA,#4daf4a,4,5,1,5.5,63.25477479,12.67936369
2011,2012,other_springWheat,#AAAAAA,#a65628,4,5,1,3.7,63.25477479,2.449089063
2011,2012,other_sugarbeets,#AAAAAA,#377eb8,4,5,1,2.8,63.25477479,0.873182171
2011,2012,soy_corn,#4daf4a,#ffd300,4,5,5.5,6.4,13.70181478,16.15959915
2011,2012,soy_dryBeans,#4daf4a,#e41a1c,4,5,5.5,1.9,13.70181478,0.290343664
2011,2012,soy_hay,#4daf4a,#f781bf,4,5,5.5,4.6,13.70181478,3.630319297
2011,2012,soy_other,#4daf4a,#AAAAAA,4,5,5.5,1,13.70181478,63.91810296
2011,2012,soy_soy,#4daf4a,#4daf4a,4,5,5.5,5.5,13.70181478,12.67936369
2011,2012,soy_springWheat,#4daf4a,#a65628,4,5,5.5,3.7,13.70181478,2.449089063
2011,2012,soy_sugarbeets,#4daf4a,#377eb8,4,5,5.5,2.8,13.70181478,0.873182171
2011,2012,springWheat_corn,#a65628,#ffd300,4,5,3.7,6.4,3.004410682,16.15959915
2011,2012,springWheat_dryBeans,#a65628,#e41a1c,4,5,3.7,1.9,3.004410682,0.290343664
2011,2012,springWheat_hay,#a65628,#f781bf,4,5,3.7,4.6,3.004410682,3.630319297
2011,2012,springWheat_other,#a65628,#AAAAAA,4,5,3.7,1,3.004410682,63.91810296
2011,2012,springWheat_soy,#a65628,#4daf4a,4,5,3.7,5.5,3.004410682,12.67936369
2011,2012,springWheat_springWheat,#a65628,#a65628,4,5,3.7,3.7,3.004410682,2.449089063
2011,2012,springWheat_sugarbeets,#a65628,#377eb8,4,5,3.7,2.8,3.004410682,0.873182171
2011,2012,sugarbeets_corn,#377eb8,#ffd300,4,5,2.8,6.4,0.74862793,16.15959915
2011,2012,sugarbeets_dryBeans,#377eb8,#e41a1c,4,5,2.8,1.9,0.74862793,0.290343664
2011,2012,sugarbeets_hay,#377eb8,#f781bf,4,5,2.8,4.6,0.74862793,3.630319297
2011,2012,sugarbeets_other,#377eb8,#AAAAAA,4,5,2.8,1,0.74862793,63.91810296
2011,2012,sugarbeets_soy,#377eb8,#4daf4a,4,5,2.8,5.5,0.74862793,12.67936369
2011,2012,sugarbeets_springWheat,#377eb8,#a65628,4,5,2.8,3.7,0.74862793,2.449089063
2011,2012,sugarbeets_sugarbeets,#377eb8,#377eb8,4,5,2.8,2.8,0.74862793,0.873182171
2012,2013,corn_corn,#ffd300,#ffd300,5,6,6.4,6.4,16.15959915,15.95617069
2012,2013,corn_dryBeans,#ffd300,#e41a1c,5,6,6.4,1.9,16.15959915,0.197128524
2012,2013,corn_hay,#ffd300,#f781bf,5,6,6.4,4.6,16.15959915,3.165936868
2012,2013,corn_other,#ffd300,#AAAAAA,5,6,6.4,1,16.15959915,64.56995008
2012,2013,corn_soy,#ffd300,#4daf4a,5,6,6.4,5.5,16.15959915,13.0418785
2012,2013,corn_springWheat,#ffd300,#a65628,5,6,6.4,3.7,16.15959915,2.243411004
2012,2013,corn_sugarbeets,#ffd300,#377eb8,5,6,6.4,2.8,16.15959915,0.825524336
2012,2013,dryBeans_corn,#e41a1c,#ffd300,5,6,1.9,6.4,0.290961757,15.95617069
2012,2013,dryBeans_dryBeans,#e41a1c,#e41a1c,5,6,1.9,1.9,0.290961757,0.197128524
2012,2013,dryBeans_hay,#e41a1c,#f781bf,5,6,1.9,4.6,0.290961757,3.165936868
2012,2013,dryBeans_other,#e41a1c,#AAAAAA,5,6,1.9,1,0.290961757,64.56995008
2012,2013,dryBeans_soy,#e41a1c,#4daf4a,5,6,1.9,5.5,0.290961757,13.0418785
2012,2013,dryBeans_springWheat,#e41a1c,#a65628,5,6,1.9,3.7,0.290961757,2.243411004
2012,2013,dryBeans_sugarbeets,#e41a1c,#377eb8,5,6,1.9,2.8,0.290961757,0.825524336
2012,2013,hay_corn,#f781bf,#ffd300,5,6,4.6,6.4,3.82807415,15.95617069
2012,2013,hay_dryBeans,#f781bf,#e41a1c,5,6,4.6,1.9,3.82807415,0.197128524
2012,2013,hay_hay,#f781bf,#f781bf,5,6,4.6,4.6,3.82807415,3.165936868
2012,2013,hay_other,#f781bf,#AAAAAA,5,6,4.6,1,3.82807415,64.56995008
2012,2013,hay_soy,#f781bf,#4daf4a,5,6,4.6,5.5,3.82807415,13.0418785
2012,2013,hay_springWheat,#f781bf,#a65628,5,6,4.6,3.7,3.82807415,2.243411004
2012,2013,hay_sugarbeets,#f781bf,#377eb8,5,6,4.6,2.8,3.82807415,0.825524336
2012,2013,other_corn,#AAAAAA,#ffd300,5,6,1,6.4,63.71961307,15.95617069
2012,2013,other_dryBeans,#AAAAAA,#e41a1c,5,6,1,1.9,63.71961307,0.197128524
2012,2013,other_hay,#AAAAAA,#f781bf,5,6,1,4.6,63.71961307,3.165936868
2012,2013,other_other,#AAAAAA,#AAAAAA,5,6,1,1,63.71961307,64.56995008
2012,2013,other_soy,#AAAAAA,#4daf4a,5,6,1,5.5,63.71961307,13.0418785
2012,2013,other_springWheat,#AAAAAA,#a65628,5,6,1,3.7,63.71961307,2.243411004
2012,2013,other_sugarbeets,#AAAAAA,#377eb8,5,6,1,2.8,63.71961307,0.825524336
2012,2013,soy_corn,#4daf4a,#ffd300,5,6,5.5,6.4,12.67936369,15.95617069
2012,2013,soy_dryBeans,#4daf4a,#e41a1c,5,6,5.5,1.9,12.67936369,0.197128524
2012,2013,soy_hay,#4daf4a,#f781bf,5,6,5.5,4.6,12.67936369,3.165936868
2012,2013,soy_other,#4daf4a,#AAAAAA,5,6,5.5,1,12.67936369,64.56995008
2012,2013,soy_soy,#4daf4a,#4daf4a,5,6,5.5,5.5,12.67936369,13.0418785
2012,2013,soy_springWheat,#4daf4a,#a65628,5,6,5.5,3.7,12.67936369,2.243411004
2012,2013,soy_sugarbeets,#4daf4a,#377eb8,5,6,5.5,2.8,12.67936369,0.825524336
2012,2013,springWheat_corn,#a65628,#ffd300,5,6,3.7,6.4,2.449089063,15.95617069
2012,2013,springWheat_dryBeans,#a65628,#e41a1c,5,6,3.7,1.9,2.449089063,0.197128524
2012,2013,springWheat_hay,#a65628,#f781bf,5,6,3.7,4.6,2.449089063,3.165936868
2012,2013,springWheat_other,#a65628,#AAAAAA,5,6,3.7,1,2.449089063,64.56995008
2012,2013,springWheat_soy,#a65628,#4daf4a,5,6,3.7,5.5,2.449089063,13.0418785
2012,2013,springWheat_springWheat,#a65628,#a65628,5,6,3.7,3.7,2.449089063,2.243411004
2012,2013,springWheat_sugarbeets,#a65628,#377eb8,5,6,3.7,2.8,2.449089063,0.825524336
2012,2013,sugarbeets_corn,#377eb8,#ffd300,5,6,2.8,6.4,0.873299118,15.95617069
2012,2013,sugarbeets_dryBeans,#377eb8,#e41a1c,5,6,2.8,1.9,0.873299118,0.197128524
2012,2013,sugarbeets_hay,#377eb8,#f781bf,5,6,2.8,4.6,0.873299118,3.165936868
2012,2013,sugarbeets_other,#377eb8,#AAAAAA,5,6,2.8,1,0.873299118,64.56995008
2012,2013,sugarbeets_soy,#377eb8,#4daf4a,5,6,2.8,5.5,0.873299118,13.0418785
2012,2013,sugarbeets_springWheat,#377eb8,#a65628,5,6,2.8,3.7,0.873299118,2.243411004
2012,2013,sugarbeets_sugarbeets,#377eb8,#377eb8,5,6,2.8,2.8,0.873299118,0.825524336
2013,2014,corn_corn,#ffd300,#ffd300,6,7,6.4,6.4,15.95617069,15.1050208
2013,2014,corn_dryBeans,#ffd300,#e41a1c,6,7,6.4,1.9,15.95617069,0.321755239
2013,2014,corn_hay,#ffd300,#f781bf,6,7,6.4,4.6,15.95617069,3.561318919
2013,2014,corn_other,#ffd300,#AAAAAA,6,7,6.4,1,15.95617069,63.40825876
2013,2014,corn_soy,#ffd300,#4daf4a,6,7,6.4,5.5,15.95617069,14.51569129
2013,2014,corn_springWheat,#ffd300,#a65628,6,7,6.4,3.7,15.95617069,2.338337122
2013,2014,corn_sugarbeets,#ffd300,#377eb8,6,7,6.4,2.8,15.95617069,0.749617867
2013,2014,dryBeans_corn,#e41a1c,#ffd300,6,7,1.9,6.4,0.197233118,15.1050208
2013,2014,dryBeans_dryBeans,#e41a1c,#e41a1c,6,7,1.9,1.9,0.197233118,0.321755239
2013,2014,dryBeans_hay,#e41a1c,#f781bf,6,7,1.9,4.6,0.197233118,3.561318919
2013,2014,dryBeans_other,#e41a1c,#AAAAAA,6,7,1.9,1,0.197233118,63.40825876
2013,2014,dryBeans_soy,#e41a1c,#4daf4a,6,7,1.9,5.5,0.197233118,14.51569129
2013,2014,dryBeans_springWheat,#e41a1c,#a65628,6,7,1.9,3.7,0.197233118,2.338337122
2013,2014,dryBeans_sugarbeets,#e41a1c,#377eb8,6,7,1.9,2.8,0.197233118,0.749617867
2013,2014,hay_corn,#f781bf,#ffd300,6,7,4.6,6.4,3.227984622,15.1050208
2013,2014,hay_dryBeans,#f781bf,#e41a1c,6,7,4.6,1.9,3.227984622,0.321755239
2013,2014,hay_hay,#f781bf,#f781bf,6,7,4.6,4.6,3.227984622,3.561318919
2013,2014,hay_other,#f781bf,#AAAAAA,6,7,4.6,1,3.227984622,63.40825876
2013,2014,hay_soy,#f781bf,#4daf4a,6,7,4.6,5.5,3.227984622,14.51569129
2013,2014,hay_springWheat,#f781bf,#a65628,6,7,4.6,3.7,3.227984622,2.338337122
2013,2014,hay_sugarbeets,#f781bf,#377eb8,6,7,4.6,2.8,3.227984622,0.749617867
2013,2014,other_corn,#AAAAAA,#ffd300,6,7,1,6.4,64.50766925,15.1050208
2013,2014,other_dryBeans,#AAAAAA,#e41a1c,6,7,1,1.9,64.50766925,0.321755239
2013,2014,other_hay,#AAAAAA,#f781bf,6,7,1,4.6,64.50766925,3.561318919
2013,2014,other_other,#AAAAAA,#AAAAAA,6,7,1,1,64.50766925,63.40825876
2013,2014,other_soy,#AAAAAA,#4daf4a,6,7,1,5.5,64.50766925,14.51569129
2013,2014,other_springWheat,#AAAAAA,#a65628,6,7,1,3.7,64.50766925,2.338337122
2013,2014,other_sugarbeets,#AAAAAA,#377eb8,6,7,1,2.8,64.50766925,0.749617867
2013,2014,soy_corn,#4daf4a,#ffd300,6,7,5.5,6.4,13.0418785,15.1050208
2013,2014,soy_dryBeans,#4daf4a,#e41a1c,6,7,5.5,1.9,13.0418785,0.321755239
2013,2014,soy_hay,#4daf4a,#f781bf,6,7,5.5,4.6,13.0418785,3.561318919
2013,2014,soy_other,#4daf4a,#AAAAAA,6,7,5.5,1,13.0418785,63.40825876
2013,2014,soy_soy,#4daf4a,#4daf4a,6,7,5.5,5.5,13.0418785,14.51569129
2013,2014,soy_springWheat,#4daf4a,#a65628,6,7,5.5,3.7,13.0418785,2.338337122
2013,2014,soy_sugarbeets,#4daf4a,#377eb8,6,7,5.5,2.8,13.0418785,0.749617867
2013,2014,springWheat_corn,#a65628,#ffd300,6,7,3.7,6.4,2.243411004,15.1050208
2013,2014,springWheat_dryBeans,#a65628,#e41a1c,6,7,3.7,1.9,2.243411004,0.321755239
2013,2014,springWheat_hay,#a65628,#f781bf,6,7,3.7,4.6,2.243411004,3.561318919
2013,2014,springWheat_other,#a65628,#AAAAAA,6,7,3.7,1,2.243411004,63.40825876
2013,2014,springWheat_soy,#a65628,#4daf4a,6,7,3.7,5.5,2.243411004,14.51569129
2013,2014,springWheat_springWheat,#a65628,#a65628,6,7,3.7,3.7,2.243411004,2.338337122
2013,2014,springWheat_sugarbeets,#a65628,#377eb8,6,7,3.7,2.8,2.243411004,0.749617867
2013,2014,sugarbeets_corn,#377eb8,#ffd300,6,7,2.8,6.4,0.825652814,15.1050208
2013,2014,sugarbeets_dryBeans,#377eb8,#e41a1c,6,7,2.8,1.9,0.825652814,0.321755239
2013,2014,sugarbeets_hay,#377eb8,#f781bf,6,7,2.8,4.6,0.825652814,3.561318919
2013,2014,sugarbeets_other,#377eb8,#AAAAAA,6,7,2.8,1,0.825652814,63.40825876
2013,2014,sugarbeets_soy,#377eb8,#4daf4a,6,7,2.8,5.5,0.825652814,14.51569129
2013,2014,sugarbeets_springWheat,#377eb8,#a65628,6,7,2.8,3.7,0.825652814,2.338337122
2013,2014,sugarbeets_sugarbeets,#377eb8,#377eb8,6,7,2.8,2.8,0.825652814,0.749617867
2014,2015,corn_corn,#ffd300,#ffd300,7,8,6.4,6.4,15.1050208,14.71311218
2014,2015,corn_dryBeans,#ffd300,#e41a1c,7,8,6.4,1.9,15.1050208,0.361050902
2014,2015,corn_hay,#ffd300,#f781bf,7,8,6.4,4.6,15.1050208,4.031125416
2014,2015,corn_other,#ffd300,#AAAAAA,7,8,6.4,1,15.1050208,62.81841451
2014,2015,corn_soy,#ffd300,#4daf4a,7,8,6.4,5.5,15.1050208,14.43609726
2014,2015,corn_springWheat,#ffd300,#a65628,7,8,6.4,3.7,15.1050208,2.837150354
2014,2015,corn_sugarbeets,#ffd300,#377eb8,7,8,6.4,2.8,15.1050208,0.803049377
2014,2015,dryBeans_corn,#e41a1c,#ffd300,7,8,1.9,6.4,0.322309506,14.71311218
2014,2015,dryBeans_dryBeans,#e41a1c,#e41a1c,7,8,1.9,1.9,0.322309506,0.361050902
2014,2015,dryBeans_hay,#e41a1c,#f781bf,7,8,1.9,4.6,0.322309506,4.031125416
2014,2015,dryBeans_other,#e41a1c,#AAAAAA,7,8,1.9,1,0.322309506,62.81841451
2014,2015,dryBeans_soy,#e41a1c,#4daf4a,7,8,1.9,5.5,0.322309506,14.43609726
2014,2015,dryBeans_springWheat,#e41a1c,#a65628,7,8,1.9,3.7,0.322309506,2.837150354
2014,2015,dryBeans_sugarbeets,#e41a1c,#377eb8,7,8,1.9,2.8,0.322309506,0.803049377
2014,2015,hay_corn,#f781bf,#ffd300,7,8,4.6,6.4,4.334171082,14.71311218
2014,2015,hay_dryBeans,#f781bf,#e41a1c,7,8,4.6,1.9,4.334171082,0.361050902
2014,2015,hay_hay,#f781bf,#f781bf,7,8,4.6,4.6,4.334171082,4.031125416
2014,2015,hay_other,#f781bf,#AAAAAA,7,8,4.6,1,4.334171082,62.81841451
2014,2015,hay_soy,#f781bf,#4daf4a,7,8,4.6,5.5,4.334171082,14.43609726
2014,2015,hay_springWheat,#f781bf,#a65628,7,8,4.6,3.7,4.334171082,2.837150354
2014,2015,hay_sugarbeets,#f781bf,#377eb8,7,8,4.6,2.8,4.334171082,0.803049377
2014,2015,other_corn,#AAAAAA,#ffd300,7,8,1,6.4,62.63468967,14.71311218
2014,2015,other_dryBeans,#AAAAAA,#e41a1c,7,8,1,1.9,62.63468967,0.361050902
2014,2015,other_hay,#AAAAAA,#f781bf,7,8,1,4.6,62.63468967,4.031125416
2014,2015,other_other,#AAAAAA,#AAAAAA,7,8,1,1,62.63468967,62.81841451
2014,2015,other_soy,#AAAAAA,#4daf4a,7,8,1,5.5,62.63468967,14.43609726
2014,2015,other_springWheat,#AAAAAA,#a65628,7,8,1,3.7,62.63468967,2.837150354
2014,2015,other_sugarbeets,#AAAAAA,#377eb8,7,8,1,2.8,62.63468967,0.803049377
2014,2015,soy_corn,#4daf4a,#ffd300,7,8,5.5,6.4,14.51569129,14.71311218
2014,2015,soy_dryBeans,#4daf4a,#e41a1c,7,8,5.5,1.9,14.51569129,0.361050902
2014,2015,soy_hay,#4daf4a,#f781bf,7,8,5.5,4.6,14.51569129,4.031125416
2014,2015,soy_other,#4daf4a,#AAAAAA,7,8,5.5,1,14.51569129,62.81841451
2014,2015,soy_soy,#4daf4a,#4daf4a,7,8,5.5,5.5,14.51569129,14.43609726
2014,2015,soy_springWheat,#4daf4a,#a65628,7,8,5.5,3.7,14.51569129,2.837150354
2014,2015,soy_sugarbeets,#4daf4a,#377eb8,7,8,5.5,2.8,14.51569129,0.803049377
2014,2015,springWheat_corn,#a65628,#ffd300,7,8,3.7,6.4,2.338337122,14.71311218
2014,2015,springWheat_dryBeans,#a65628,#e41a1c,7,8,3.7,1.9,2.338337122,0.361050902
2014,2015,springWheat_hay,#a65628,#f781bf,7,8,3.7,4.6,2.338337122,4.031125416
2014,2015,springWheat_other,#a65628,#AAAAAA,7,8,3.7,1,2.338337122,62.81841451
2014,2015,springWheat_soy,#a65628,#4daf4a,7,8,3.7,5.5,2.338337122,14.43609726
2014,2015,springWheat_springWheat,#a65628,#a65628,7,8,3.7,3.7,2.338337122,2.837150354
2014,2015,springWheat_sugarbeets,#a65628,#377eb8,7,8,3.7,2.8,2.338337122,0.803049377
2014,2015,sugarbeets_corn,#377eb8,#ffd300,7,8,2.8,6.4,0.749780523,14.71311218
2014,2015,sugarbeets_dryBeans,#377eb8,#e41a1c,7,8,2.8,1.9,0.749780523,0.361050902
2014,2015,sugarbeets_hay,#377eb8,#f781bf,7,8,2.8,4.6,0.749780523,4.031125416
2014,2015,sugarbeets_other,#377eb8,#AAAAAA,7,8,2.8,1,0.749780523,62.81841451
2014,2015,sugarbeets_soy,#377eb8,#4daf4a,7,8,2.8,5.5,0.749780523,14.43609726
2014,2015,sugarbeets_springWheat,#377eb8,#a65628,7,8,2.8,3.7,0.749780523,2.837150354
2014,2015,sugarbeets_sugarbeets,#377eb8,#377eb8,7,8,2.8,2.8,0.749780523,0.803049377
2015,2016,corn_corn,#ffd300,#ffd300,8,9,6.4,6.4,14.71311218,15.50077758
2015,2016,corn_dryBeans,#ffd300,#e41a1c,8,9,6.4,1.9,14.71311218,0.330587261
2015,2016,corn_hay,#ffd300,#f781bf,8,9,6.4,4.6,14.71311218,2.889162431
2015,2016,corn_other,#ffd300,#AAAAAA,8,9,6.4,1,14.71311218,63.69407935
2015,2016,corn_soy,#ffd300,#4daf4a,8,9,6.4,5.5,14.71311218,14.33302887
2015,2016,corn_springWheat,#ffd300,#a65628,8,9,6.4,3.7,14.71311218,2.477954968
2015,2016,corn_sugarbeets,#ffd300,#377eb8,8,9,6.4,2.8,14.71311218,0.774409544
2015,2016,dryBeans_corn,#e41a1c,#ffd300,8,9,1.9,6.4,0.361489867,15.50077758
2015,2016,dryBeans_dryBeans,#e41a1c,#e41a1c,8,9,1.9,1.9,0.361489867,0.330587261
2015,2016,dryBeans_hay,#e41a1c,#f781bf,8,9,1.9,4.6,0.361489867,2.889162431
2015,2016,dryBeans_other,#e41a1c,#AAAAAA,8,9,1.9,1,0.361489867,63.69407935
2015,2016,dryBeans_soy,#e41a1c,#4daf4a,8,9,1.9,5.5,0.361489867,14.33302887
2015,2016,dryBeans_springWheat,#e41a1c,#a65628,8,9,1.9,3.7,0.361489867,2.477954968
2015,2016,dryBeans_sugarbeets,#e41a1c,#377eb8,8,9,1.9,2.8,0.361489867,0.774409544
2015,2016,hay_corn,#f781bf,#ffd300,8,9,4.6,6.4,2.9716085,15.50077758
2015,2016,hay_dryBeans,#f781bf,#e41a1c,8,9,4.6,1.9,2.9716085,0.330587261
2015,2016,hay_hay,#f781bf,#f781bf,8,9,4.6,4.6,2.9716085,2.889162431
2015,2016,hay_other,#f781bf,#AAAAAA,8,9,4.6,1,2.9716085,63.69407935
2015,2016,hay_soy,#f781bf,#4daf4a,8,9,4.6,5.5,2.9716085,14.33302887
2015,2016,hay_springWheat,#f781bf,#a65628,8,9,4.6,3.7,2.9716085,2.477954968
2015,2016,hay_sugarbeets,#f781bf,#377eb8,8,9,4.6,2.8,2.9716085,0.774409544
2015,2016,other_corn,#AAAAAA,#ffd300,8,9,1,6.4,63.87736686,15.50077758
2015,2016,other_dryBeans,#AAAAAA,#e41a1c,8,9,1,1.9,63.87736686,0.330587261
2015,2016,other_hay,#AAAAAA,#f781bf,8,9,1,4.6,63.87736686,2.889162431
2015,2016,other_other,#AAAAAA,#AAAAAA,8,9,1,1,63.87736686,63.69407935
2015,2016,other_soy,#AAAAAA,#4daf4a,8,9,1,5.5,63.87736686,14.33302887
2015,2016,other_springWheat,#AAAAAA,#a65628,8,9,1,3.7,63.87736686,2.477954968
2015,2016,other_sugarbeets,#AAAAAA,#377eb8,8,9,1,2.8,63.87736686,0.774409544
2015,2016,soy_corn,#4daf4a,#ffd300,8,9,5.5,6.4,14.43609726,15.50077758
2015,2016,soy_dryBeans,#4daf4a,#e41a1c,8,9,5.5,1.9,14.43609726,0.330587261
2015,2016,soy_hay,#4daf4a,#f781bf,8,9,5.5,4.6,14.43609726,2.889162431
2015,2016,soy_other,#4daf4a,#AAAAAA,8,9,5.5,1,14.43609726,63.69407935
2015,2016,soy_soy,#4daf4a,#4daf4a,8,9,5.5,5.5,14.43609726,14.33302887
2015,2016,soy_springWheat,#4daf4a,#a65628,8,9,5.5,3.7,14.43609726,2.477954968
2015,2016,soy_sugarbeets,#4daf4a,#377eb8,8,9,5.5,2.8,14.43609726,0.774409544
2015,2016,springWheat_corn,#a65628,#ffd300,8,9,3.7,6.4,2.837150354,15.50077758
2015,2016,springWheat_dryBeans,#a65628,#e41a1c,8,9,3.7,1.9,2.837150354,0.330587261
2015,2016,springWheat_hay,#a65628,#f781bf,8,9,3.7,4.6,2.837150354,2.889162431
2015,2016,springWheat_other,#a65628,#AAAAAA,8,9,3.7,1,2.837150354,63.69407935
2015,2016,springWheat_soy,#a65628,#4daf4a,8,9,3.7,5.5,2.837150354,14.33302887
2015,2016,springWheat_springWheat,#a65628,#a65628,8,9,3.7,3.7,2.837150354,2.477954968
2015,2016,springWheat_sugarbeets,#a65628,#377eb8,8,9,3.7,2.8,2.837150354,0.774409544
2015,2016,sugarbeets_corn,#377eb8,#ffd300,8,9,2.8,6.4,0.803174972,15.50077758
2015,2016,sugarbeets_dryBeans,#377eb8,#e41a1c,8,9,2.8,1.9,0.803174972,0.330587261
2015,2016,sugarbeets_hay,#377eb8,#f781bf,8,9,2.8,4.6,0.803174972,2.889162431
2015,2016,sugarbeets_other,#377eb8,#AAAAAA,8,9,2.8,1,0.803174972,63.69407935
2015,2016,sugarbeets_soy,#377eb8,#4daf4a,8,9,2.8,5.5,0.803174972,14.33302887
2015,2016,sugarbeets_springWheat,#377eb8,#a65628,8,9,2.8,3.7,0.803174972,2.477954968
2015,2016,sugarbeets_sugarbeets,#377eb8,#377eb8,8,9,2.8,2.8,0.803174972,0.774409544
2016,2017,corn_corn,#ffd300,#ffd300,9,10,6.4,6.4,15.50077758,14.92567121
2016,2017,corn_dryBeans,#ffd300,#e41a1c,9,10,6.4,1.9,15.50077758,0.302677116
2016,2017,corn_hay,#ffd300,#f781bf,9,10,6.4,4.6,15.50077758,2.82059443
2016,2017,corn_other,#ffd300,#AAAAAA,9,10,6.4,1,15.50077758,63.43166601
2016,2017,corn_soy,#ffd300,#4daf4a,9,10,6.4,5.5,15.50077758,15.58786779
2016,2017,corn_springWheat,#ffd300,#a65628,9,10,6.4,3.7,15.50077758,2.172721061
2016,2017,corn_sugarbeets,#ffd300,#377eb8,9,10,6.4,2.8,15.50077758,0.758802379
2016,2017,dryBeans_corn,#e41a1c,#ffd300,9,10,1.9,6.4,0.331672734,14.92567121
2016,2017,dryBeans_dryBeans,#e41a1c,#e41a1c,9,10,1.9,1.9,0.331672734,0.302677116
2016,2017,dryBeans_hay,#e41a1c,#f781bf,9,10,1.9,4.6,0.331672734,2.82059443
2016,2017,dryBeans_other,#e41a1c,#AAAAAA,9,10,1.9,1,0.331672734,63.43166601
2016,2017,dryBeans_soy,#e41a1c,#4daf4a,9,10,1.9,5.5,0.331672734,15.58786779
2016,2017,dryBeans_springWheat,#e41a1c,#a65628,9,10,1.9,3.7,0.331672734,2.172721061
2016,2017,dryBeans_sugarbeets,#e41a1c,#377eb8,9,10,1.9,2.8,0.331672734,0.758802379
2016,2017,hay_corn,#f781bf,#ffd300,9,10,4.6,6.4,3.026158013,14.92567121
2016,2017,hay_dryBeans,#f781bf,#e41a1c,9,10,4.6,1.9,3.026158013,0.302677116
2016,2017,hay_hay,#f781bf,#f781bf,9,10,4.6,4.6,3.026158013,2.82059443
2016,2017,hay_other,#f781bf,#AAAAAA,9,10,4.6,1,3.026158013,63.43166601
2016,2017,hay_soy,#f781bf,#4daf4a,9,10,4.6,5.5,3.026158013,15.58786779
2016,2017,hay_springWheat,#f781bf,#a65628,9,10,4.6,3.7,3.026158013,2.172721061
2016,2017,hay_sugarbeets,#f781bf,#377eb8,9,10,4.6,2.8,3.026158013,0.758802379
2016,2017,other_corn,#AAAAAA,#ffd300,9,10,1,6.4,63.55587311,14.92567121
2016,2017,other_dryBeans,#AAAAAA,#e41a1c,9,10,1,1.9,63.55587311,0.302677116
2016,2017,other_hay,#AAAAAA,#f781bf,9,10,1,4.6,63.55587311,2.82059443
2016,2017,other_other,#AAAAAA,#AAAAAA,9,10,1,1,63.55587311,63.43166601
2016,2017,other_soy,#AAAAAA,#4daf4a,9,10,1,5.5,63.55587311,15.58786779
2016,2017,other_springWheat,#AAAAAA,#a65628,9,10,1,3.7,63.55587311,2.172721061
2016,2017,other_sugarbeets,#AAAAAA,#377eb8,9,10,1,2.8,63.55587311,0.758802379
2016,2017,soy_corn,#4daf4a,#ffd300,9,10,5.5,6.4,14.33302887,14.92567121
2016,2017,soy_dryBeans,#4daf4a,#e41a1c,9,10,5.5,1.9,14.33302887,0.302677116
2016,2017,soy_hay,#4daf4a,#f781bf,9,10,5.5,4.6,14.33302887,2.82059443
2016,2017,soy_other,#4daf4a,#AAAAAA,9,10,5.5,1,14.33302887,63.43166601
2016,2017,soy_soy,#4daf4a,#4daf4a,9,10,5.5,5.5,14.33302887,15.58786779
2016,2017,soy_springWheat,#4daf4a,#a65628,9,10,5.5,3.7,14.33302887,2.172721061
2016,2017,soy_sugarbeets,#4daf4a,#377eb8,9,10,5.5,2.8,14.33302887,0.758802379
2016,2017,springWheat_corn,#a65628,#ffd300,9,10,3.7,6.4,2.477954968,14.92567121
2016,2017,springWheat_dryBeans,#a65628,#e41a1c,9,10,3.7,1.9,2.477954968,0.302677116
2016,2017,springWheat_hay,#a65628,#f781bf,9,10,3.7,4.6,2.477954968,2.82059443
2016,2017,springWheat_other,#a65628,#AAAAAA,9,10,3.7,1,2.477954968,63.43166601
2016,2017,springWheat_soy,#a65628,#4daf4a,9,10,3.7,5.5,2.477954968,15.58786779
2016,2017,springWheat_springWheat,#a65628,#a65628,9,10,3.7,3.7,2.477954968,2.172721061
2016,2017,springWheat_sugarbeets,#a65628,#377eb8,9,10,3.7,2.8,2.477954968,0.758802379
2016,2017,sugarbeets_corn,#377eb8,#ffd300,9,10,2.8,6.4,0.774534727,14.92567121
2016,2017,sugarbeets_dryBeans,#377eb8,#e41a1c,9,10,2.8,1.9,0.774534727,0.302677116
2016,2017,sugarbeets_hay,#377eb8,#f781bf,9,10,2.8,4.6,0.774534727,2.82059443
2016,2017,sugarbeets_other,#377eb8,#AAAAAA,9,10,2.8,1,0.774534727,63.43166601
2016,2017,sugarbeets_soy,#377eb8,#4daf4a,9,10,2.8,5.5,0.774534727,15.58786779
2016,2017,sugarbeets_springWheat,#377eb8,#a65628,9,10,2.8,3.7,0.774534727,2.172721061
2016,2017,sugarbeets_sugarbeets,#377eb8,#377eb8,9,10,2.8,2.8,0.774534727,0.758802379
2017,2018,corn_corn,#ffd300,#ffd300,10,11,6.4,6.4,14.92567121,14.79896703
2017,2018,corn_dryBeans,#ffd300,#e41a1c,10,11,6.4,1.9,14.92567121,0.311869864
2017,2018,corn_hay,#ffd300,#f781bf,10,11,6.4,4.6,14.92567121,3.298689801
2017,2018,corn_other,#ffd300,#AAAAAA,10,11,6.4,1,14.92567121,62.91161935
2017,2018,corn_soy,#ffd300,#4daf4a,10,11,6.4,5.5,14.92567121,14.98011737
2017,2018,corn_springWheat,#ffd300,#a65628,10,11,6.4,3.7,14.92567121,2.940092331
2017,2018,corn_sugarbeets,#ffd300,#377eb8,10,11,6.4,2.8,14.92567121,0.758644253
2017,2018,dryBeans_corn,#e41a1c,#ffd300,10,11,1.9,6.4,0.303194734,14.79896703
2017,2018,dryBeans_dryBeans,#e41a1c,#e41a1c,10,11,1.9,1.9,0.303194734,0.311869864
2017,2018,dryBeans_hay,#e41a1c,#f781bf,10,11,1.9,4.6,0.303194734,3.298689801
2017,2018,dryBeans_other,#e41a1c,#AAAAAA,10,11,1.9,1,0.303194734,62.91161935
2017,2018,dryBeans_soy,#e41a1c,#4daf4a,10,11,1.9,5.5,0.303194734,14.98011737
2017,2018,dryBeans_springWheat,#e41a1c,#a65628,10,11,1.9,3.7,0.303194734,2.940092331
2017,2018,dryBeans_sugarbeets,#e41a1c,#377eb8,10,11,1.9,2.8,0.303194734,0.758644253
2017,2018,hay_corn,#f781bf,#ffd300,10,11,4.6,6.4,3.478153046,14.79896703
2017,2018,hay_dryBeans,#f781bf,#e41a1c,10,11,4.6,1.9,3.478153046,0.311869864
2017,2018,hay_hay,#f781bf,#f781bf,10,11,4.6,4.6,3.478153046,3.298689801
2017,2018,hay_other,#f781bf,#AAAAAA,10,11,4.6,1,3.478153046,62.91161935
2017,2018,hay_soy,#f781bf,#4daf4a,10,11,4.6,5.5,3.478153046,14.98011737
2017,2018,hay_springWheat,#f781bf,#a65628,10,11,4.6,3.7,3.478153046,2.940092331
2017,2018,hay_sugarbeets,#f781bf,#377eb8,10,11,4.6,2.8,3.478153046,0.758644253
2017,2018,other_corn,#AAAAAA,#ffd300,10,11,1,6.4,62.77350247,14.79896703
2017,2018,other_dryBeans,#AAAAAA,#e41a1c,10,11,1,1.9,62.77350247,0.311869864
2017,2018,other_hay,#AAAAAA,#f781bf,10,11,1,4.6,62.77350247,3.298689801
2017,2018,other_other,#AAAAAA,#AAAAAA,10,11,1,1,62.77350247,62.91161935
2017,2018,other_soy,#AAAAAA,#4daf4a,10,11,1,5.5,62.77350247,14.98011737
2017,2018,other_springWheat,#AAAAAA,#a65628,10,11,1,3.7,62.77350247,2.940092331
2017,2018,other_sugarbeets,#AAAAAA,#377eb8,10,11,1,2.8,62.77350247,0.758644253
2017,2018,soy_corn,#4daf4a,#ffd300,10,11,5.5,6.4,15.58786779,14.79896703
2017,2018,soy_dryBeans,#4daf4a,#e41a1c,10,11,5.5,1.9,15.58786779,0.311869864
2017,2018,soy_hay,#4daf4a,#f781bf,10,11,5.5,4.6,15.58786779,3.298689801
2017,2018,soy_other,#4daf4a,#AAAAAA,10,11,5.5,1,15.58786779,62.91161935
2017,2018,soy_soy,#4daf4a,#4daf4a,10,11,5.5,5.5,15.58786779,14.98011737
2017,2018,soy_springWheat,#4daf4a,#a65628,10,11,5.5,3.7,15.58786779,2.940092331
2017,2018,soy_sugarbeets,#4daf4a,#377eb8,10,11,5.5,2.8,15.58786779,0.758644253
2017,2018,springWheat_corn,#a65628,#ffd300,10,11,3.7,6.4,2.172721061,14.79896703
2017,2018,springWheat_dryBeans,#a65628,#e41a1c,10,11,3.7,1.9,2.172721061,0.311869864
2017,2018,springWheat_hay,#a65628,#f781bf,10,11,3.7,4.6,2.172721061,3.298689801
2017,2018,springWheat_other,#a65628,#AAAAAA,10,11,3.7,1,2.172721061,62.91161935
2017,2018,springWheat_soy,#a65628,#4daf4a,10,11,3.7,5.5,2.172721061,14.98011737
2017,2018,springWheat_springWheat,#a65628,#a65628,10,11,3.7,3.7,2.172721061,2.940092331
2017,2018,springWheat_sugarbeets,#a65628,#377eb8,10,11,3.7,2.8,2.172721061,0.758644253
2017,2018,sugarbeets_corn,#377eb8,#ffd300,10,11,2.8,6.4,0.758889678,14.79896703
2017,2018,sugarbeets_dryBeans,#377eb8,#e41a1c,10,11,2.8,1.9,0.758889678,0.311869864
2017,2018,sugarbeets_hay,#377eb8,#f781bf,10,11,2.8,4.6,0.758889678,3.298689801
2017,2018,sugarbeets_other,#377eb8,#AAAAAA,10,11,2.8,1,0.758889678,62.91161935
2017,2018,sugarbeets_soy,#377eb8,#4daf4a,10,11,2.8,5.5,0.758889678,14.98011737
2017,2018,sugarbeets_springWheat,#377eb8,#a65628,10,11,2.8,3.7,0.758889678,2.940092331
2017,2018,sugarbeets_sugarbeets,#377eb8,#377eb8,10,11,2.8,2.8,0.758889678,0.758644253
2018,2019,corn_corn,#ffd300,#ffd300,11,12,6.4,6.4,14.79896703,14.87188062
2018,2019,corn_dryBeans,#ffd300,#e41a1c,11,12,6.4,1.9,14.79896703,0.357441994
2018,2019,corn_hay,#ffd300,#f781bf,11,12,6.4,4.6,14.79896703,3.219900407
2018,2019,corn_other,#ffd300,#AAAAAA,11,12,6.4,1,14.79896703,64.84010215
2018,2019,corn_soy,#ffd300,#4daf4a,11,12,6.4,5.5,14.79896703,13.24207773
2018,2019,corn_springWheat,#ffd300,#a65628,11,12,6.4,3.7,14.79896703,2.698736575
2018,2019,corn_sugarbeets,#ffd300,#377eb8,11,12,6.4,2.8,14.79896703,0.769860526
2018,2019,dryBeans_corn,#e41a1c,#ffd300,11,12,1.9,6.4,0.31206917,14.87188062
2018,2019,dryBeans_dryBeans,#e41a1c,#e41a1c,11,12,1.9,1.9,0.31206917,0.357441994
2018,2019,dryBeans_hay,#e41a1c,#f781bf,11,12,1.9,4.6,0.31206917,3.219900407
2018,2019,dryBeans_other,#e41a1c,#AAAAAA,11,12,1.9,1,0.31206917,64.84010215
2018,2019,dryBeans_soy,#e41a1c,#4daf4a,11,12,1.9,5.5,0.31206917,13.24207773
2018,2019,dryBeans_springWheat,#e41a1c,#a65628,11,12,1.9,3.7,0.31206917,2.698736575
2018,2019,dryBeans_sugarbeets,#e41a1c,#377eb8,11,12,1.9,2.8,0.31206917,0.769860526
2018,2019,hay_corn,#f781bf,#ffd300,11,12,4.6,6.4,3.516496655,14.87188062
2018,2019,hay_dryBeans,#f781bf,#e41a1c,11,12,4.6,1.9,3.516496655,0.357441994
2018,2019,hay_hay,#f781bf,#f781bf,11,12,4.6,4.6,3.516496655,3.219900407
2018,2019,hay_other,#f781bf,#AAAAAA,11,12,4.6,1,3.516496655,64.84010215
2018,2019,hay_soy,#f781bf,#4daf4a,11,12,4.6,5.5,3.516496655,13.24207773
2018,2019,hay_springWheat,#f781bf,#a65628,11,12,4.6,3.7,3.516496655,2.698736575
2018,2019,hay_sugarbeets,#f781bf,#377eb8,11,12,4.6,2.8,3.516496655,0.769860526
2018,2019,other_corn,#AAAAAA,#ffd300,11,12,1,6.4,62.69328459,14.87188062
2018,2019,other_dryBeans,#AAAAAA,#e41a1c,11,12,1,1.9,62.69328459,0.357441994
2018,2019,other_hay,#AAAAAA,#f781bf,11,12,1,4.6,62.69328459,3.219900407
2018,2019,other_other,#AAAAAA,#AAAAAA,11,12,1,1,62.69328459,64.84010215
2018,2019,other_soy,#AAAAAA,#4daf4a,11,12,1,5.5,62.69328459,13.24207773
2018,2019,other_springWheat,#AAAAAA,#a65628,11,12,1,3.7,62.69328459,2.698736575
2018,2019,other_sugarbeets,#AAAAAA,#377eb8,11,12,1,2.8,62.69328459,0.769860526
2018,2019,soy_corn,#4daf4a,#ffd300,11,12,5.5,6.4,14.98011737,14.87188062
2018,2019,soy_dryBeans,#4daf4a,#e41a1c,11,12,5.5,1.9,14.98011737,0.357441994
2018,2019,soy_hay,#4daf4a,#f781bf,11,12,5.5,4.6,14.98011737,3.219900407
2018,2019,soy_other,#4daf4a,#AAAAAA,11,12,5.5,1,14.98011737,64.84010215
2018,2019,soy_soy,#4daf4a,#4daf4a,11,12,5.5,5.5,14.98011737,13.24207773
2018,2019,soy_springWheat,#4daf4a,#a65628,11,12,5.5,3.7,14.98011737,2.698736575
2018,2019,soy_sugarbeets,#4daf4a,#377eb8,11,12,5.5,2.8,14.98011737,0.769860526
2018,2019,springWheat_corn,#a65628,#ffd300,11,12,3.7,6.4,2.940092331,14.87188062
2018,2019,springWheat_dryBeans,#a65628,#e41a1c,11,12,3.7,1.9,2.940092331,0.357441994
2018,2019,springWheat_hay,#a65628,#f781bf,11,12,3.7,4.6,2.940092331,3.219900407
2018,2019,springWheat_other,#a65628,#AAAAAA,11,12,3.7,1,2.940092331,64.84010215
2018,2019,springWheat_soy,#a65628,#4daf4a,11,12,3.7,5.5,2.940092331,13.24207773
2018,2019,springWheat_springWheat,#a65628,#a65628,11,12,3.7,3.7,2.940092331,2.698736575
2018,2019,springWheat_sugarbeets,#a65628,#377eb8,11,12,3.7,2.8,2.940092331,0.769860526
2018,2019,sugarbeets_corn,#377eb8,#ffd300,11,12,2.8,6.4,0.75897286,14.87188062
2018,2019,sugarbeets_dryBeans,#377eb8,#e41a1c,11,12,2.8,1.9,0.75897286,0.357441994
2018,2019,sugarbeets_hay,#377eb8,#f781bf,11,12,2.8,4.6,0.75897286,3.219900407
2018,2019,sugarbeets_other,#377eb8,#AAAAAA,11,12,2.8,1,0.75897286,64.84010215
2018,2019,sugarbeets_soy,#377eb8,#4daf4a,11,12,2.8,5.5,0.75897286,13.24207773
2018,2019,sugarbeets_springWheat,#377eb8,#a65628,11,12,2.8,3.7,0.75897286,2.698736575
2018,2019,sugarbeets_sugarbeets,#377eb8,#377eb8,11,12,2.8,2.8,0.75897286,0.769860526
2019,2020,corn_corn,#ffd300,#ffd300,12,13,6.4,6.4,14.87188062,14.95244029
2019,2020,corn_dryBeans,#ffd300,#e41a1c,12,13,6.4,1.9,14.87188062,0.483053706
2019,2020,corn_hay,#ffd300,#f781bf,12,13,6.4,4.6,14.87188062,2.860625134
2019,2020,corn_other,#ffd300,#AAAAAA,12,13,6.4,1,14.87188062,63.83019535
2019,2020,corn_soy,#ffd300,#4daf4a,12,13,6.4,5.5,14.87188062,14.35389415
2019,2020,corn_springWheat,#ffd300,#a65628,12,13,6.4,3.7,14.87188062,2.745796494
2019,2020,corn_sugarbeets,#ffd300,#377eb8,12,13,6.4,2.8,14.87188062,0.773994874
2019,2020,dryBeans_corn,#e41a1c,#ffd300,12,13,1.9,6.4,0.358213685,14.95244029
2019,2020,dryBeans_dryBeans,#e41a1c,#e41a1c,12,13,1.9,1.9,0.358213685,0.483053706
2019,2020,dryBeans_hay,#e41a1c,#f781bf,12,13,1.9,4.6,0.358213685,2.860625134
2019,2020,dryBeans_other,#e41a1c,#AAAAAA,12,13,1.9,1,0.358213685,63.83019535
2019,2020,dryBeans_soy,#e41a1c,#4daf4a,12,13,1.9,5.5,0.358213685,14.35389415
2019,2020,dryBeans_springWheat,#e41a1c,#a65628,12,13,1.9,3.7,0.358213685,2.745796494
2019,2020,dryBeans_sugarbeets,#e41a1c,#377eb8,12,13,1.9,2.8,0.358213685,0.773994874
2019,2020,hay_corn,#f781bf,#ffd300,12,13,4.6,6.4,2.781166584,14.95244029
2019,2020,hay_dryBeans,#f781bf,#e41a1c,12,13,4.6,1.9,2.781166584,0.483053706
2019,2020,hay_hay,#f781bf,#f781bf,12,13,4.6,4.6,2.781166584,2.860625134
2019,2020,hay_other,#f781bf,#AAAAAA,12,13,4.6,1,2.781166584,63.83019535
2019,2020,hay_soy,#f781bf,#4daf4a,12,13,4.6,5.5,2.781166584,14.35389415
2019,2020,hay_springWheat,#f781bf,#a65628,12,13,4.6,3.7,2.781166584,2.745796494
2019,2020,hay_sugarbeets,#f781bf,#377eb8,12,13,4.6,2.8,2.781166584,0.773994874
2019,2020,other_corn,#AAAAAA,#ffd300,12,13,1,6.4,65.27801363,14.95244029
2019,2020,other_dryBeans,#AAAAAA,#e41a1c,12,13,1,1.9,65.27801363,0.483053706
2019,2020,other_hay,#AAAAAA,#f781bf,12,13,1,4.6,65.27801363,2.860625134
2019,2020,other_other,#AAAAAA,#AAAAAA,12,13,1,1,65.27801363,63.83019535
2019,2020,other_soy,#AAAAAA,#4daf4a,12,13,1,5.5,65.27801363,14.35389415
2019,2020,other_springWheat,#AAAAAA,#a65628,12,13,1,3.7,65.27801363,2.745796494
2019,2020,other_sugarbeets,#AAAAAA,#377eb8,12,13,1,2.8,65.27801363,0.773994874
2019,2020,soy_corn,#4daf4a,#ffd300,12,13,5.5,6.4,13.24207773,14.95244029
2019,2020,soy_dryBeans,#4daf4a,#e41a1c,12,13,5.5,1.9,13.24207773,0.483053706
2019,2020,soy_hay,#4daf4a,#f781bf,12,13,5.5,4.6,13.24207773,2.860625134
2019,2020,soy_other,#4daf4a,#AAAAAA,12,13,5.5,1,13.24207773,63.83019535
2019,2020,soy_soy,#4daf4a,#4daf4a,12,13,5.5,5.5,13.24207773,14.35389415
2019,2020,soy_springWheat,#4daf4a,#a65628,12,13,5.5,3.7,13.24207773,2.745796494
2019,2020,soy_sugarbeets,#4daf4a,#377eb8,12,13,5.5,2.8,13.24207773,0.773994874
2019,2020,springWheat_corn,#a65628,#ffd300,12,13,3.7,6.4,2.698736575,14.95244029
2019,2020,springWheat_dryBeans,#a65628,#e41a1c,12,13,3.7,1.9,2.698736575,0.483053706
2019,2020,springWheat_hay,#a65628,#f781bf,12,13,3.7,4.6,2.698736575,2.860625134
2019,2020,springWheat_other,#a65628,#AAAAAA,12,13,3.7,1,2.698736575,63.83019535
2019,2020,springWheat_soy,#a65628,#4daf4a,12,13,3.7,5.5,2.698736575,14.35389415
2019,2020,springWheat_springWheat,#a65628,#a65628,12,13,3.7,3.7,2.698736575,2.745796494
2019,2020,springWheat_sugarbeets,#a65628,#377eb8,12,13,3.7,2.8,2.698736575,0.773994874
2019,2020,sugarbeets_corn,#377eb8,#ffd300,12,13,2.8,6.4,0.769911176,14.95244029
2019,2020,sugarbeets_dryBeans,#377eb8,#e41a1c,12,13,2.8,1.9,0.769911176,0.483053706
2019,2020,sugarbeets_hay,#377eb8,#f781bf,12,13,2.8,4.6,0.769911176,2.860625134
2019,2020,sugarbeets_other,#377eb8,#AAAAAA,12,13,2.8,1,0.769911176,63.83019535
2019,2020,sugarbeets_soy,#377eb8,#4daf4a,12,13,2.8,5.5,0.769911176,14.35389415
2019,2020,sugarbeets_springWheat,#377eb8,#a65628,12,13,2.8,3.7,0.769911176,2.745796494
2019,2020,sugarbeets_sugarbeets,#377eb8,#377eb8,12,13,2.8,2.8,0.769911176,0.773994874
2020,2021,corn_corn,#ffd300,#ffd300,13,14,6.4,6.4,14.95244029,15.66997414
2020,2021,corn_dryBeans,#ffd300,#e41a1c,13,14,6.4,1.9,14.95244029,0.342906301
2020,2021,corn_hay,#ffd300,#f781bf,13,14,6.4,4.6,14.95244029,2.365427397
2020,2021,corn_other,#ffd300,#AAAAAA,13,14,6.4,1,14.95244029,63.66520397
2020,2021,corn_soy,#ffd300,#4daf4a,13,14,6.4,5.5,14.95244029,14.92149445
2020,2021,corn_springWheat,#ffd300,#a65628,13,14,6.4,3.7,14.95244029,2.267519525
2020,2021,corn_sugarbeets,#ffd300,#377eb8,13,14,6.4,2.8,14.95244029,0.767474216
2020,2021,dryBeans_corn,#e41a1c,#ffd300,13,14,1.9,6.4,0.483499672,15.66997414
2020,2021,dryBeans_dryBeans,#e41a1c,#e41a1c,13,14,1.9,1.9,0.483499672,0.342906301
2020,2021,dryBeans_hay,#e41a1c,#f781bf,13,14,1.9,4.6,0.483499672,2.365427397
2020,2021,dryBeans_other,#e41a1c,#AAAAAA,13,14,1.9,1,0.483499672,63.66520397
2020,2021,dryBeans_soy,#e41a1c,#4daf4a,13,14,1.9,5.5,0.483499672,14.92149445
2020,2021,dryBeans_springWheat,#e41a1c,#a65628,13,14,1.9,3.7,0.483499672,2.267519525
2020,2021,dryBeans_sugarbeets,#e41a1c,#377eb8,13,14,1.9,2.8,0.483499672,0.767474216
2020,2021,hay_corn,#f781bf,#ffd300,13,14,4.6,6.4,2.980590825,15.66997414
2020,2021,hay_dryBeans,#f781bf,#e41a1c,13,14,4.6,1.9,2.980590825,0.342906301
2020,2021,hay_hay,#f781bf,#f781bf,13,14,4.6,4.6,2.980590825,2.365427397
2020,2021,hay_other,#f781bf,#AAAAAA,13,14,4.6,1,2.980590825,63.66520397
2020,2021,hay_soy,#f781bf,#4daf4a,13,14,4.6,5.5,2.980590825,14.92149445
2020,2021,hay_springWheat,#f781bf,#a65628,13,14,4.6,3.7,2.980590825,2.267519525
2020,2021,hay_sugarbeets,#f781bf,#377eb8,13,14,4.6,2.8,2.980590825,0.767474216
2020,2021,other_corn,#AAAAAA,#ffd300,13,14,1,6.4,63.70973469,15.66997414
2020,2021,other_dryBeans,#AAAAAA,#e41a1c,13,14,1,1.9,63.70973469,0.342906301
2020,2021,other_hay,#AAAAAA,#f781bf,13,14,1,4.6,63.70973469,2.365427397
2020,2021,other_other,#AAAAAA,#AAAAAA,13,14,1,1,63.70973469,63.66520397
2020,2021,other_soy,#AAAAAA,#4daf4a,13,14,1,5.5,63.70973469,14.92149445
2020,2021,other_springWheat,#AAAAAA,#a65628,13,14,1,3.7,63.70973469,2.267519525
2020,2021,other_sugarbeets,#AAAAAA,#377eb8,13,14,1,2.8,63.70973469,0.767474216
2020,2021,soy_corn,#4daf4a,#ffd300,13,14,5.5,6.4,14.35389415,15.66997414
2020,2021,soy_dryBeans,#4daf4a,#e41a1c,13,14,5.5,1.9,14.35389415,0.342906301
2020,2021,soy_hay,#4daf4a,#f781bf,13,14,5.5,4.6,14.35389415,2.365427397
2020,2021,soy_other,#4daf4a,#AAAAAA,13,14,5.5,1,14.35389415,63.66520397
2020,2021,soy_soy,#4daf4a,#4daf4a,13,14,5.5,5.5,14.35389415,14.92149445
2020,2021,soy_springWheat,#4daf4a,#a65628,13,14,5.5,3.7,14.35389415,2.267519525
2020,2021,soy_sugarbeets,#4daf4a,#377eb8,13,14,5.5,2.8,14.35389415,0.767474216
2020,2021,springWheat_corn,#a65628,#ffd300,13,14,3.7,6.4,2.745796494,15.66997414
2020,2021,springWheat_dryBeans,#a65628,#e41a1c,13,14,3.7,1.9,2.745796494,0.342906301
2020,2021,springWheat_hay,#a65628,#f781bf,13,14,3.7,4.6,2.745796494,2.365427397
2020,2021,springWheat_other,#a65628,#AAAAAA,13,14,3.7,1,2.745796494,63.66520397
2020,2021,springWheat_soy,#a65628,#4daf4a,13,14,3.7,5.5,2.745796494,14.92149445
2020,2021,springWheat_springWheat,#a65628,#a65628,13,14,3.7,3.7,2.745796494,2.267519525
2020,2021,springWheat_sugarbeets,#a65628,#377eb8,13,14,3.7,2.8,2.745796494,0.767474216
2020,2021,sugarbeets_corn,#377eb8,#ffd300,13,14,2.8,6.4,0.774043877,15.66997414
2020,2021,sugarbeets_dryBeans,#377eb8,#e41a1c,13,14,2.8,1.9,0.774043877,0.342906301
2020,2021,sugarbeets_hay,#377eb8,#f781bf,13,14,2.8,4.6,0.774043877,2.365427397
2020,2021,sugarbeets_other,#377eb8,#AAAAAA,13,14,2.8,1,0.774043877,63.66520397
2020,2021,sugarbeets_soy,#377eb8,#4daf4a,13,14,2.8,5.5,0.774043877,14.92149445
2020,2021,sugarbeets_springWheat,#377eb8,#a65628,13,14,2.8,3.7,0.774043877,2.267519525
2020,2021,sugarbeets_sugarbeets,#377eb8,#377eb8,13,14,2.8,2.8,0.774043877,0.767474216
