"yearFrom","yearTo","cropRotate","cropFrom","cropTo","plottingColorFrom","plottingColorTo","plotXAxisFrom","plotXAxisTo","plotYAxisFrom","plotYAxisTo","xEndFrom","xEndTo","yEndFrom_streamlined","yEndTo_streamlined","totalNumPixels_cropTransition","totalPercPixelsWiArea_cropTransition","totalNumPixels_cropYearFrom","totalPercPixelsWiArea_cropYearFrom","totalNumPixels_cropYearTo","totalPercPixelsWiArea_cropYearTo"
2008,2009,"corn_corn","corn","corn","#ffd300","#ffd300",1,2,6.4,6.4,1.2,1.8,6.4,6.4,67,2.36414961185603,854,30.1340860973889,351,12.3853211009174
2008,2009,"corn_hay","corn","hay","#ffd300","#f781bf",1,2,6.4,4.6,1.2,1.8,6.2,4.8,6,0.211714890613973,854,30.1340860973889,80,2.82286520818631
2008,2009,"corn_other","corn","other","#ffd300","#AAAAAA",1,2,6.4,1,1.2,1.8,5.8,1.6,185,6.52787579393084,854,30.1340860973889,1700,59.9858856739591
2008,2009,"corn_soy","corn","soy","#ffd300","#4daf4a",1,2,6.4,5.5,1.2,1.8,6.3,5.6,520,18.348623853211,854,30.1340860973889,626,22.0889202540579
2008,2009,"corn_springWheat","corn","springWheat","#ffd300","#a65628",1,2,6.4,3.7,1.2,1.8,6.1,4,76,2.68172194777699,854,30.1340860973889,77,2.71700776287932
2008,2009,"hay_corn","hay","corn","#f781bf","#ffd300",1,2,4.6,6.4,1.2,1.8,4.8,6.2,5,0.176429075511644,40,1.41143260409315,351,12.3853211009174
2008,2009,"hay_hay","hay","hay","#f781bf","#f781bf",1,2,4.6,4.6,1.2,1.8,4.6,4.6,7,0.247000705716302,40,1.41143260409315,80,2.82286520818631
2008,2009,"hay_other","hay","other","#f781bf","#AAAAAA",1,2,4.6,1,1.2,1.8,4.2,1.4,26,0.917431192660551,40,1.41143260409315,1700,59.9858856739591
2008,2009,"hay_soy","hay","soy","#f781bf","#4daf4a",1,2,4.6,5.5,1.2,1.8,4.7,5.4,2,0.0705716302046577,40,1.41143260409315,626,22.0889202540579
2008,2009,"other_corn","other","corn","#AAAAAA","#ffd300",1,2,1,6.4,1.2,1.8,1.6,5.8,66,2.3288637967537,1656,58.4333098094566,351,12.3853211009174
2008,2009,"other_hay","other","hay","#AAAAAA","#f781bf",1,2,1,4.6,1.2,1.8,1.4,4.2,61,2.15243472124206,1656,58.4333098094566,80,2.82286520818631
2008,2009,"other_other","other","other","#AAAAAA","#AAAAAA",1,2,1,1,1.2,1.8,1,1,1463,51.6231474947071,1656,58.4333098094566,1700,59.9858856739591
2008,2009,"other_soy","other","soy","#AAAAAA","#4daf4a",1,2,1,5.5,1.2,1.8,1.5,5,65,2.29357798165138,1656,58.4333098094566,626,22.0889202540579
2008,2009,"other_springWheat","other","springWheat","#AAAAAA","#a65628",1,2,1,3.7,1.2,1.8,1.3,3.4,1,0.0352858151023289,1656,58.4333098094566,77,2.71700776287932
2008,2009,"soy_corn","soy","corn","#4daf4a","#ffd300",1,2,5.5,6.4,1.2,1.8,5.6,6.3,213,7.51587861679605,284,10.0211714890614,351,12.3853211009174
2008,2009,"soy_hay","soy","hay","#4daf4a","#f781bf",1,2,5.5,4.6,1.2,1.8,5.4,4.7,6,0.211714890613973,284,10.0211714890614,80,2.82286520818631
2008,2009,"soy_other","soy","other","#4daf4a","#AAAAAA",1,2,5.5,1,1.2,1.8,5,1.5,26,0.917431192660551,284,10.0211714890614,1700,59.9858856739591
2008,2009,"soy_soy","soy","soy","#4daf4a","#4daf4a",1,2,5.5,5.5,1.2,1.8,5.5,5.5,39,1.37614678899083,284,10.0211714890614,626,22.0889202540579
2009,2010,"corn_corn","corn","corn","#ffd300","#ffd300",2,3,6.4,6.4,2.2,2.8,6.4,6.4,71,2.50529287226535,351,12.3853211009174,813,28.6873676781934
2009,2010,"corn_other","corn","other","#ffd300","#AAAAAA",2,3,6.4,1,2.2,2.8,5.8,1.6,49,1.72900494001411,351,12.3853211009174,1612,56.8807339449541
2009,2010,"corn_soy","corn","soy","#ffd300","#4daf4a",2,3,6.4,5.5,2.2,2.8,6.3,5.6,231,8.15102328863797,351,12.3853211009174,390,13.7614678899083
2009,2010,"hay_corn","hay","corn","#f781bf","#ffd300",2,3,4.6,6.4,2.2,2.8,4.8,6.2,34,1.19971771347918,81,2.85815102328864,813,28.6873676781934
2009,2010,"hay_hay","hay","hay","#f781bf","#f781bf",2,3,4.6,4.6,2.2,2.8,4.6,4.6,2,0.0705716302046577,81,2.85815102328864,19,0.670430486944248
2009,2010,"hay_other","hay","other","#f781bf","#AAAAAA",2,3,4.6,1,2.2,2.8,4.2,1.4,45,1.5878616796048,81,2.85815102328864,1612,56.8807339449541
2009,2010,"other_corn","other","corn","#AAAAAA","#ffd300",2,3,1,6.4,2.2,2.8,1.6,5.8,165,5.82215949188426,1699,59.9505998588567,813,28.6873676781934
2009,2010,"other_hay","other","hay","#AAAAAA","#f781bf",2,3,1,4.6,2.2,2.8,1.4,4.2,15,0.529287226534933,1699,59.9505998588567,19,0.670430486944248
2009,2010,"other_other","other","other","#AAAAAA","#AAAAAA",2,3,1,1,2.2,2.8,1,1,1439,50.7762879322512,1699,59.9505998588567,1612,56.8807339449541
2009,2010,"other_soy","other","soy","#AAAAAA","#4daf4a",2,3,1,5.5,2.2,2.8,1.5,5,80,2.82286520818631,1699,59.9505998588567,390,13.7614678899083
2009,2010,"soy_corn","soy","corn","#4daf4a","#ffd300",2,3,5.5,6.4,2.2,2.8,5.6,6.3,468,16.5137614678899,626,22.0889202540579,813,28.6873676781934
2009,2010,"soy_hay","soy","hay","#4daf4a","#f781bf",2,3,5.5,4.6,2.2,2.8,5.4,4.7,2,0.0705716302046577,626,22.0889202540579,19,0.670430486944248
2009,2010,"soy_other","soy","other","#4daf4a","#AAAAAA",2,3,5.5,1,2.2,2.8,5,1.5,78,2.75229357798165,626,22.0889202540579,1612,56.8807339449541
2009,2010,"soy_soy","soy","soy","#4daf4a","#4daf4a",2,3,5.5,5.5,2.2,2.8,5.5,5.5,78,2.75229357798165,626,22.0889202540579,390,13.7614678899083
2009,2010,"springWheat_corn","springWheat","corn","#a65628","#ffd300",2,3,3.7,6.4,2.2,2.8,4,6.1,75,2.64643613267467,77,2.71700776287932,813,28.6873676781934
2009,2010,"springWheat_other","springWheat","other","#a65628","#AAAAAA",2,3,3.7,1,2.2,2.8,3.4,1.3,1,0.0352858151023289,77,2.71700776287932,1612,56.8807339449541
2009,2010,"springWheat_soy","springWheat","soy","#a65628","#4daf4a",2,3,3.7,5.5,2.2,2.8,3.9,5.3,1,0.0352858151023289,77,2.71700776287932,390,13.7614678899083
2010,2011,"corn_corn","corn","corn","#ffd300","#ffd300",3,4,6.4,6.4,3.2,3.8,6.4,6.4,317,11.1856033874383,813,28.6873676781934,755,26.6407904022583
2010,2011,"corn_hay","corn","hay","#ffd300","#f781bf",3,4,6.4,4.6,3.2,3.8,6.2,4.8,7,0.247000705716302,813,28.6873676781934,444,15.666901905434
2010,2011,"corn_other","corn","other","#ffd300","#AAAAAA",3,4,6.4,1,3.2,3.8,5.8,1.6,6,0.211714890613973,813,28.6873676781934,919,32.4276640790402
2010,2011,"corn_soy","corn","soy","#ffd300","#4daf4a",3,4,6.4,5.5,3.2,3.8,6.3,5.6,483,17.0430486944248,813,28.6873676781934,715,25.2293577981651
2010,2011,"hay_hay","hay","hay","#f781bf","#f781bf",3,4,4.6,4.6,3.2,3.8,4.6,4.6,17,0.599858856739591,18,0.63514467184192,444,15.666901905434
2010,2011,"hay_other","hay","other","#f781bf","#AAAAAA",3,4,4.6,1,3.2,3.8,4.2,1.4,1,0.0352858151023289,18,0.63514467184192,919,32.4276640790402
2010,2011,"other_corn","other","corn","#AAAAAA","#ffd300",3,4,1,6.4,3.2,3.8,1.6,5.8,166,5.85744530698659,1613,56.9160197600565,755,26.6407904022583
2010,2011,"other_hay","other","hay","#AAAAAA","#f781bf",3,4,1,4.6,3.2,3.8,1.4,4.2,412,14.5377558221595,1613,56.9160197600565,444,15.666901905434
2010,2011,"other_other","other","other","#AAAAAA","#AAAAAA",3,4,1,1,3.2,3.8,1,1,900,31.757233592096,1613,56.9160197600565,919,32.4276640790402
2010,2011,"other_soy","other","soy","#AAAAAA","#4daf4a",3,4,1,5.5,3.2,3.8,1.5,5,134,4.72829922371207,1613,56.9160197600565,715,25.2293577981651
2010,2011,"other_springWheat","other","springWheat","#AAAAAA","#a65628",3,4,1,3.7,3.2,3.8,1.3,3.4,1,0.0352858151023289,1613,56.9160197600565,1,0.0352858151023289
2010,2011,"soy_corn","soy","corn","#4daf4a","#ffd300",3,4,5.5,6.4,3.2,3.8,5.6,6.3,272,9.59774170783345,390,13.7614678899083,755,26.6407904022583
2010,2011,"soy_hay","soy","hay","#4daf4a","#f781bf",3,4,5.5,4.6,3.2,3.8,5.4,4.7,8,0.282286520818631,390,13.7614678899083,444,15.666901905434
2010,2011,"soy_other","soy","other","#4daf4a","#AAAAAA",3,4,5.5,1,3.2,3.8,5,1.5,12,0.423429781227946,390,13.7614678899083,919,32.4276640790402
2010,2011,"soy_soy","soy","soy","#4daf4a","#4daf4a",3,4,5.5,5.5,3.2,3.8,5.5,5.5,98,3.45800988002823,390,13.7614678899083,715,25.2293577981651
2011,2012,"corn_corn","corn","corn","#ffd300","#ffd300",4,5,6.4,6.4,4.2,4.8,6.4,6.4,396,13.9731827805222,755,26.6407904022583,1012,35.7092448835568
2011,2012,"corn_hay","corn","hay","#ffd300","#f781bf",4,5,6.4,4.6,4.2,4.8,6.2,4.8,84,2.96400846859562,755,26.6407904022583,527,18.5956245589273
2011,2012,"corn_other","corn","other","#ffd300","#AAAAAA",4,5,6.4,1,4.2,4.8,5.8,1.6,42,1.48200423429781,755,26.6407904022583,1035,36.5208186309104
2011,2012,"corn_soy","corn","soy","#ffd300","#4daf4a",4,5,6.4,5.5,4.2,4.8,6.3,5.6,233,8.22159491884263,755,26.6407904022583,260,9.1743119266055
2011,2012,"hay_corn","hay","corn","#f781bf","#ffd300",4,5,4.6,6.4,4.2,4.8,4.8,6.2,16,0.564573041637262,517,18.242766407904,1012,35.7092448835568
2011,2012,"hay_hay","hay","hay","#f781bf","#f781bf",4,5,4.6,4.6,4.2,4.8,4.6,4.6,343,12.1030345800988,517,18.242766407904,527,18.5956245589273
2011,2012,"hay_other","hay","other","#f781bf","#AAAAAA",4,5,4.6,1,4.2,4.8,4.2,1.4,156,5.5045871559633,517,18.242766407904,1035,36.5208186309104
2011,2012,"hay_soy","hay","soy","#f781bf","#4daf4a",4,5,4.6,5.5,4.2,4.8,4.7,5.4,2,0.0705716302046577,517,18.242766407904,260,9.1743119266055
2011,2012,"other_corn","other","corn","#AAAAAA","#ffd300",4,5,1,6.4,4.2,4.8,1.6,5.8,14,0.494001411432604,846,29.8517995765702,1012,35.7092448835568
2011,2012,"other_hay","other","hay","#AAAAAA","#f781bf",4,5,1,4.6,4.2,4.8,1.4,4.2,40,1.41143260409315,846,29.8517995765702,527,18.5956245589273
2011,2012,"other_other","other","other","#AAAAAA","#AAAAAA",4,5,1,1,4.2,4.8,1,1,788,27.8052223006351,846,29.8517995765702,1035,36.5208186309104
2011,2012,"other_soy","other","soy","#AAAAAA","#4daf4a",4,5,1,5.5,4.2,4.8,1.5,5,4,0.141143260409315,846,29.8517995765702,260,9.1743119266055
2011,2012,"soy_corn","soy","corn","#4daf4a","#ffd300",4,5,5.5,6.4,4.2,4.8,5.6,6.3,586,20.6774876499647,715,25.2293577981651,1012,35.7092448835568
2011,2012,"soy_hay","soy","hay","#4daf4a","#f781bf",4,5,5.5,4.6,4.2,4.8,5.4,4.7,60,2.11714890613973,715,25.2293577981651,527,18.5956245589273
2011,2012,"soy_other","soy","other","#4daf4a","#AAAAAA",4,5,5.5,1,4.2,4.8,5,1.5,48,1.69371912491179,715,25.2293577981651,1035,36.5208186309104
2011,2012,"soy_soy","soy","soy","#4daf4a","#4daf4a",4,5,5.5,5.5,4.2,4.8,5.5,5.5,21,0.741002117148906,715,25.2293577981651,260,9.1743119266055
2011,2012,"springWheat_other","springWheat","other","#a65628","#AAAAAA",4,5,3.7,1,4.2,4.8,3.4,1.3,1,0.0352858151023289,1,0.0352858151023289,1035,36.5208186309104
2012,2013,"corn_corn","corn","corn","#ffd300","#ffd300",5,6,6.4,6.4,5.2,5.8,6.4,6.4,423,14.9258997882851,1012,35.7092448835568,715,25.2293577981651
2012,2013,"corn_hay","corn","hay","#ffd300","#f781bf",5,6,6.4,4.6,5.2,5.8,6.2,4.8,50,1.76429075511644,1012,35.7092448835568,443,15.6316160903317
2012,2013,"corn_other","corn","other","#ffd300","#AAAAAA",5,6,6.4,1,5.2,5.8,5.8,1.6,43,1.51729004940014,1012,35.7092448835568,1137,40.1199717713479
2012,2013,"corn_soy","corn","soy","#ffd300","#4daf4a",5,6,6.4,5.5,5.2,5.8,6.3,5.6,496,17.5017642907551,1012,35.7092448835568,539,19.0190543401553
2012,2013,"hay_corn","hay","corn","#f781bf","#ffd300",5,6,4.6,6.4,5.2,5.8,4.8,6.2,52,1.8348623853211,514,18.136908962597,715,25.2293577981651
2012,2013,"hay_hay","hay","hay","#f781bf","#f781bf",5,6,4.6,4.6,5.2,5.8,4.6,4.6,351,12.3853211009174,514,18.136908962597,443,15.6316160903317
2012,2013,"hay_other","hay","other","#f781bf","#AAAAAA",5,6,4.6,1,5.2,5.8,4.2,1.4,108,3.81086803105152,514,18.136908962597,1137,40.1199717713479
2012,2013,"hay_soy","hay","soy","#f781bf","#4daf4a",5,6,4.6,5.5,5.2,5.8,4.7,5.4,3,0.105857445306987,514,18.136908962597,539,19.0190543401553
2012,2013,"other_corn","other","corn","#AAAAAA","#ffd300",5,6,1,6.4,5.2,5.8,1.6,5.8,19,0.670430486944248,1048,36.9795342272406,715,25.2293577981651
2012,2013,"other_hay","other","hay","#AAAAAA","#f781bf",5,6,1,4.6,5.2,5.8,1.4,4.2,26,0.917431192660551,1048,36.9795342272406,443,15.6316160903317
2012,2013,"other_other","other","other","#AAAAAA","#AAAAAA",5,6,1,1,5.2,5.8,1,1,979,34.54481298518,1048,36.9795342272406,1137,40.1199717713479
2012,2013,"other_soy","other","soy","#AAAAAA","#4daf4a",5,6,1,5.5,5.2,5.8,1.5,5,24,0.846859562455893,1048,36.9795342272406,539,19.0190543401553
2012,2013,"soy_corn","soy","corn","#4daf4a","#ffd300",5,6,5.5,6.4,5.2,5.8,5.6,6.3,221,7.79816513761468,260,9.1743119266055,715,25.2293577981651
2012,2013,"soy_hay","soy","hay","#4daf4a","#f781bf",5,6,5.5,4.6,5.2,5.8,5.4,4.7,16,0.564573041637262,260,9.1743119266055,443,15.6316160903317
2012,2013,"soy_other","soy","other","#4daf4a","#AAAAAA",5,6,5.5,1,5.2,5.8,5,1.5,7,0.247000705716302,260,9.1743119266055,1137,40.1199717713479
2012,2013,"soy_soy","soy","soy","#4daf4a","#4daf4a",5,6,5.5,5.5,5.2,5.8,5.5,5.5,16,0.564573041637262,260,9.1743119266055,539,19.0190543401553
2013,2014,"corn_corn","corn","corn","#ffd300","#ffd300",6,7,6.4,6.4,6.2,6.8,6.4,6.4,312,11.0091743119266,715,25.2293577981651,862,30.4163726182075
2013,2014,"corn_hay","corn","hay","#ffd300","#f781bf",6,7,6.4,4.6,6.2,6.8,6.2,4.8,13,0.458715596330275,715,25.2293577981651,507,17.8899082568807
2013,2014,"corn_other","corn","other","#ffd300","#AAAAAA",6,7,6.4,1,6.2,6.8,5.8,1.6,12,0.423429781227946,715,25.2293577981651,963,33.9802399435427
2013,2014,"corn_soy","corn","soy","#ffd300","#4daf4a",6,7,6.4,5.5,6.2,6.8,6.3,5.6,365,12.87932251235,715,25.2293577981651,485,17.1136203246295
2013,2014,"corn_springWheat","corn","springWheat","#ffd300","#a65628",6,7,6.4,3.7,6.2,6.8,6.1,4,13,0.458715596330275,715,25.2293577981651,16,0.564573041637262
2013,2014,"hay_corn","hay","corn","#f781bf","#ffd300",6,7,4.6,6.4,6.2,6.8,4.8,6.2,86,3.03458009880028,494,17.4311926605505,862,30.4163726182075
2013,2014,"hay_hay","hay","hay","#f781bf","#f781bf",6,7,4.6,4.6,6.2,6.8,4.6,4.6,341,12.0324629498941,494,17.4311926605505,507,17.8899082568807
2013,2014,"hay_other","hay","other","#f781bf","#AAAAAA",6,7,4.6,1,6.2,6.8,4.2,1.4,29,1.02328863796754,494,17.4311926605505,963,33.9802399435427
2013,2014,"hay_soy","hay","soy","#f781bf","#4daf4a",6,7,4.6,5.5,6.2,6.8,4.7,5.4,38,1.3408609738885,494,17.4311926605505,485,17.1136203246295
2013,2014,"other_corn","other","corn","#AAAAAA","#ffd300",6,7,1,6.4,6.2,6.8,1.6,5.8,58,2.04657727593507,1086,38.3203952011291,862,30.4163726182075
2013,2014,"other_hay","other","hay","#AAAAAA","#f781bf",6,7,1,4.6,6.2,6.8,1.4,4.2,128,4.51658433309809,1086,38.3203952011291,507,17.8899082568807
2013,2014,"other_other","other","other","#AAAAAA","#AAAAAA",6,7,1,1,6.2,6.8,1,1,873,30.8045165843331,1086,38.3203952011291,963,33.9802399435427
2013,2014,"other_soy","other","soy","#AAAAAA","#4daf4a",6,7,1,5.5,6.2,6.8,1.5,5,27,0.952717007762879,1086,38.3203952011291,485,17.1136203246295
2013,2014,"soy_corn","soy","corn","#4daf4a","#ffd300",6,7,5.5,6.4,6.2,6.8,5.6,6.3,406,14.3260409315455,539,19.0190543401553,862,30.4163726182075
2013,2014,"soy_dryBeans","soy","dryBeans","#4daf4a","#e41a1c",6,7,5.5,1.9,6.2,6.8,5.1,2.3,1,0.0352858151023289,539,19.0190543401553,1,0.0352858151023289
2013,2014,"soy_hay","soy","hay","#4daf4a","#f781bf",6,7,5.5,4.6,6.2,6.8,5.4,4.7,25,0.882145377558222,539,19.0190543401553,507,17.8899082568807
2013,2014,"soy_other","soy","other","#4daf4a","#AAAAAA",6,7,5.5,1,6.2,6.8,5,1.5,49,1.72900494001411,539,19.0190543401553,963,33.9802399435427
2013,2014,"soy_soy","soy","soy","#4daf4a","#4daf4a",6,7,5.5,5.5,6.2,6.8,5.5,5.5,55,1.94071983062809,539,19.0190543401553,485,17.1136203246295
2013,2014,"soy_springWheat","soy","springWheat","#4daf4a","#a65628",6,7,5.5,3.7,6.2,6.8,5.3,3.9,3,0.105857445306987,539,19.0190543401553,16,0.564573041637262
2014,2015,"corn_corn","corn","corn","#ffd300","#ffd300",7,8,6.4,6.4,7.2,7.8,6.4,6.4,428,15.1023288637968,862,30.4163726182075,989,34.8976711362032
2014,2015,"corn_hay","corn","hay","#ffd300","#f781bf",7,8,6.4,4.6,7.2,7.8,6.2,4.8,7,0.247000705716302,862,30.4163726182075,383,13.514467184192
2014,2015,"corn_other","corn","other","#ffd300","#AAAAAA",7,8,6.4,1,7.2,7.8,5.8,1.6,33,1.16443189837685,862,30.4163726182075,965,34.0508115737474
2014,2015,"corn_soy","corn","soy","#ffd300","#4daf4a",7,8,6.4,5.5,7.2,7.8,6.3,5.6,393,13.8673253352152,862,30.4163726182075,491,17.3253352152435
2014,2015,"corn_springWheat","corn","springWheat","#ffd300","#a65628",7,8,6.4,3.7,7.2,7.8,6.1,4,1,0.0352858151023289,862,30.4163726182075,6,0.211714890613973
2014,2015,"dryBeans_other","dryBeans","other","#e41a1c","#AAAAAA",7,8,1.9,1,7.2,7.8,1.8,1.1,1,0.0352858151023289,1,0.0352858151023289,965,34.0508115737474
2014,2015,"hay_corn","hay","corn","#f781bf","#ffd300",7,8,4.6,6.4,7.2,7.8,4.8,6.2,128,4.51658433309809,537,18.9484827099506,989,34.8976711362032
2014,2015,"hay_hay","hay","hay","#f781bf","#f781bf",7,8,4.6,4.6,7.2,7.8,4.6,4.6,370,13.0557515878617,537,18.9484827099506,383,13.514467184192
2014,2015,"hay_other","hay","other","#f781bf","#AAAAAA",7,8,4.6,1,7.2,7.8,4.2,1.4,31,1.09386026817219,537,18.9484827099506,965,34.0508115737474
2014,2015,"hay_soy","hay","soy","#f781bf","#4daf4a",7,8,4.6,5.5,7.2,7.8,4.7,5.4,8,0.282286520818631,537,18.9484827099506,491,17.3253352152435
2014,2015,"other_corn","other","corn","#AAAAAA","#ffd300",7,8,1,6.4,7.2,7.8,1.6,5.8,13,0.458715596330275,933,32.9216654904728,989,34.8976711362032
2014,2015,"other_hay","other","hay","#AAAAAA","#f781bf",7,8,1,4.6,7.2,7.8,1.4,4.2,4,0.141143260409315,933,32.9216654904728,383,13.514467184192
2014,2015,"other_other","other","other","#AAAAAA","#AAAAAA",7,8,1,1,7.2,7.8,1,1,879,31.0162314749471,933,32.9216654904728,965,34.0508115737474
2014,2015,"other_soy","other","soy","#AAAAAA","#4daf4a",7,8,1,5.5,7.2,7.8,1.5,5,37,1.30557515878617,933,32.9216654904728,491,17.3253352152435
2014,2015,"soy_corn","soy","corn","#4daf4a","#ffd300",7,8,5.5,6.4,7.2,7.8,5.6,6.3,417,14.7141848976711,485,17.1136203246295,989,34.8976711362032
2014,2015,"soy_hay","soy","hay","#4daf4a","#f781bf",7,8,5.5,4.6,7.2,7.8,5.4,4.7,2,0.0705716302046577,485,17.1136203246295,383,13.514467184192
2014,2015,"soy_other","soy","other","#4daf4a","#AAAAAA",7,8,5.5,1,7.2,7.8,5,1.5,19,0.670430486944248,485,17.1136203246295,965,34.0508115737474
2014,2015,"soy_soy","soy","soy","#4daf4a","#4daf4a",7,8,5.5,5.5,7.2,7.8,5.5,5.5,43,1.51729004940014,485,17.1136203246295,491,17.3253352152435
2014,2015,"soy_springWheat","soy","springWheat","#4daf4a","#a65628",7,8,5.5,3.7,7.2,7.8,5.3,3.9,4,0.141143260409315,485,17.1136203246295,6,0.211714890613973
2014,2015,"springWheat_corn","springWheat","corn","#a65628","#ffd300",7,8,3.7,6.4,7.2,7.8,4,6.1,3,0.105857445306987,16,0.564573041637262,989,34.8976711362032
2014,2015,"springWheat_other","springWheat","other","#a65628","#AAAAAA",7,8,3.7,1,7.2,7.8,3.4,1.3,2,0.0705716302046577,16,0.564573041637262,965,34.0508115737474
2014,2015,"springWheat_soy","springWheat","soy","#a65628","#4daf4a",7,8,3.7,5.5,7.2,7.8,3.9,5.3,10,0.352858151023289,16,0.564573041637262,491,17.3253352152435
2014,2015,"springWheat_springWheat","springWheat","springWheat","#a65628","#a65628",7,8,3.7,3.7,7.2,7.8,3.7,3.7,1,0.0352858151023289,16,0.564573041637262,6,0.211714890613973
2015,2016,"corn_corn","corn","corn","#ffd300","#ffd300",8,9,6.4,6.4,8.2,8.8,6.4,6.4,179,6.31616090331687,989,34.8976711362032,696,24.5589273112209
2015,2016,"corn_hay","corn","hay","#ffd300","#f781bf",8,9,6.4,4.6,8.2,8.8,6.2,4.8,77,2.71700776287932,989,34.8976711362032,339,11.9618913196895
2015,2016,"corn_other","corn","other","#ffd300","#AAAAAA",8,9,6.4,1,8.2,8.8,5.8,1.6,21,0.741002117148906,989,34.8976711362032,1032,36.4149611856034
2015,2016,"corn_soy","corn","soy","#ffd300","#4daf4a",8,9,6.4,5.5,8.2,8.8,6.3,5.6,712,25.1235003528582,989,34.8976711362032,767,27.0642201834862
2015,2016,"hay_corn","hay","corn","#f781bf","#ffd300",8,9,4.6,6.4,8.2,8.8,4.8,6.2,54,1.90543401552576,355,12.5264643613267,696,24.5589273112209
2015,2016,"hay_hay","hay","hay","#f781bf","#f781bf",8,9,4.6,4.6,8.2,8.8,4.6,4.6,245,8.64502470007057,355,12.5264643613267,339,11.9618913196895
2015,2016,"hay_other","hay","other","#f781bf","#AAAAAA",8,9,4.6,1,8.2,8.8,4.2,1.4,55,1.94071983062809,355,12.5264643613267,1032,36.4149611856034
2015,2016,"hay_soy","hay","soy","#f781bf","#4daf4a",8,9,4.6,5.5,8.2,8.8,4.7,5.4,1,0.0352858151023289,355,12.5264643613267,767,27.0642201834862
2015,2016,"other_corn","other","corn","#AAAAAA","#ffd300",8,9,1,6.4,8.2,8.8,1.6,5.8,10,0.352858151023289,993,35.0388143966126,696,24.5589273112209
2015,2016,"other_hay","other","hay","#AAAAAA","#f781bf",8,9,1,4.6,8.2,8.8,1.4,4.2,7,0.247000705716302,993,35.0388143966126,339,11.9618913196895
2015,2016,"other_other","other","other","#AAAAAA","#AAAAAA",8,9,1,1,8.2,8.8,1,1,952,33.5920959774171,993,35.0388143966126,1032,36.4149611856034
2015,2016,"other_soy","other","soy","#AAAAAA","#4daf4a",8,9,1,5.5,8.2,8.8,1.5,5,24,0.846859562455893,993,35.0388143966126,767,27.0642201834862
2015,2016,"soy_corn","soy","corn","#4daf4a","#ffd300",8,9,5.5,6.4,8.2,8.8,5.6,6.3,453,15.984474241355,491,17.3253352152435,696,24.5589273112209
2015,2016,"soy_hay","soy","hay","#4daf4a","#f781bf",8,9,5.5,4.6,8.2,8.8,5.4,4.7,9,0.31757233592096,491,17.3253352152435,339,11.9618913196895
2015,2016,"soy_other","soy","other","#4daf4a","#AAAAAA",8,9,5.5,1,8.2,8.8,5,1.5,4,0.141143260409315,491,17.3253352152435,1032,36.4149611856034
2015,2016,"soy_soy","soy","soy","#4daf4a","#4daf4a",8,9,5.5,5.5,8.2,8.8,5.5,5.5,25,0.882145377558222,491,17.3253352152435,767,27.0642201834862
2015,2016,"springWheat_hay","springWheat","hay","#a65628","#f781bf",8,9,3.7,4.6,8.2,8.8,3.8,4.5,1,0.0352858151023289,6,0.211714890613973,339,11.9618913196895
2015,2016,"springWheat_soy","springWheat","soy","#a65628","#4daf4a",8,9,3.7,5.5,8.2,8.8,3.9,5.3,5,0.176429075511644,6,0.211714890613973,767,27.0642201834862
2016,2017,"corn_corn","corn","corn","#ffd300","#ffd300",9,10,6.4,6.4,9.2,9.8,6.4,6.4,114,4.02258292166549,696,24.5589273112209,668,23.5709244883557
2016,2017,"corn_hay","corn","hay","#ffd300","#f781bf",9,10,6.4,4.6,9.2,9.8,6.2,4.8,33,1.16443189837685,696,24.5589273112209,327,11.5384615384615
2016,2017,"corn_other","corn","other","#ffd300","#AAAAAA",9,10,6.4,1,9.2,9.8,5.8,1.6,5,0.176429075511644,696,24.5589273112209,995,35.1093860268172
2016,2017,"corn_soy","corn","soy","#ffd300","#4daf4a",9,10,6.4,5.5,9.2,9.8,6.3,5.6,544,19.1954834156669,696,24.5589273112209,832,29.3577981651376
2016,2017,"hay_corn","hay","corn","#f781bf","#ffd300",9,10,4.6,6.4,9.2,9.8,4.8,6.2,77,2.71700776287932,408,14.3966125617502,668,23.5709244883557
2016,2017,"hay_hay","hay","hay","#f781bf","#f781bf",9,10,4.6,4.6,9.2,9.8,4.6,4.6,242,8.53916725476359,408,14.3966125617502,327,11.5384615384615
2016,2017,"hay_other","hay","other","#f781bf","#AAAAAA",9,10,4.6,1,9.2,9.8,4.2,1.4,34,1.19971771347918,408,14.3966125617502,995,35.1093860268172
2016,2017,"hay_soy","hay","soy","#f781bf","#4daf4a",9,10,4.6,5.5,9.2,9.8,4.7,5.4,54,1.90543401552576,408,14.3966125617502,832,29.3577981651376
2016,2017,"hay_springWheat","hay","springWheat","#f781bf","#a65628",9,10,4.6,3.7,9.2,9.8,4.5,3.8,1,0.0352858151023289,408,14.3966125617502,12,0.423429781227946
2016,2017,"other_corn","other","corn","#AAAAAA","#ffd300",9,10,1,6.4,9.2,9.8,1.6,5.8,1,0.0352858151023289,963,33.9802399435427,668,23.5709244883557
2016,2017,"other_hay","other","hay","#AAAAAA","#f781bf",9,10,1,4.6,9.2,9.8,1.4,4.2,7,0.247000705716302,963,33.9802399435427,327,11.5384615384615
2016,2017,"other_other","other","other","#AAAAAA","#AAAAAA",9,10,1,1,9.2,9.8,1,1,949,33.4862385321101,963,33.9802399435427,995,35.1093860268172
2016,2017,"other_soy","other","soy","#AAAAAA","#4daf4a",9,10,1,5.5,9.2,9.8,1.5,5,6,0.211714890613973,963,33.9802399435427,832,29.3577981651376
2016,2017,"soy_corn","soy","corn","#4daf4a","#ffd300",9,10,5.5,6.4,9.2,9.8,5.6,6.3,476,16.7960479887085,767,27.0642201834862,668,23.5709244883557
2016,2017,"soy_hay","soy","hay","#4daf4a","#f781bf",9,10,5.5,4.6,9.2,9.8,5.4,4.7,45,1.5878616796048,767,27.0642201834862,327,11.5384615384615
2016,2017,"soy_other","soy","other","#4daf4a","#AAAAAA",9,10,5.5,1,9.2,9.8,5,1.5,7,0.247000705716302,767,27.0642201834862,995,35.1093860268172
2016,2017,"soy_soy","soy","soy","#4daf4a","#4daf4a",9,10,5.5,5.5,9.2,9.8,5.5,5.5,228,8.04516584333098,767,27.0642201834862,832,29.3577981651376
2016,2017,"soy_springWheat","soy","springWheat","#4daf4a","#a65628",9,10,5.5,3.7,9.2,9.8,5.3,3.9,11,0.388143966125618,767,27.0642201834862,12,0.423429781227946
2017,2018,"corn_corn","corn","corn","#ffd300","#ffd300",10,11,6.4,6.4,10.2,10.8,6.4,6.4,142,5.0105857445307,668,23.5709244883557,934,32.9569513055752
2017,2018,"corn_hay","corn","hay","#ffd300","#f781bf",10,11,6.4,4.6,10.2,10.8,6.2,4.8,56,1.97600564573042,668,23.5709244883557,346,12.2088920254058
2017,2018,"corn_other","corn","other","#ffd300","#AAAAAA",10,11,6.4,1,10.2,10.8,5.8,1.6,5,0.176429075511644,668,23.5709244883557,1047,36.9442484121383
2017,2018,"corn_soy","corn","soy","#ffd300","#4daf4a",10,11,6.4,5.5,10.2,10.8,6.3,5.6,465,16.4079040225829,668,23.5709244883557,503,17.7487649964714
2017,2018,"hay_corn","hay","corn","#f781bf","#ffd300",10,11,4.6,6.4,10.2,10.8,4.8,6.2,21,0.741002117148906,362,12.7734650670431,934,32.9569513055752
2017,2018,"hay_hay","hay","hay","#f781bf","#f781bf",10,11,4.6,4.6,10.2,10.8,4.6,4.6,250,8.82145377558222,362,12.7734650670431,346,12.2088920254058
2017,2018,"hay_other","hay","other","#f781bf","#AAAAAA",10,11,4.6,1,10.2,10.8,4.2,1.4,87,3.06986591390261,362,12.7734650670431,1047,36.9442484121383
2017,2018,"hay_soy","hay","soy","#f781bf","#4daf4a",10,11,4.6,5.5,10.2,10.8,4.7,5.4,3,0.105857445306987,362,12.7734650670431,503,17.7487649964714
2017,2018,"hay_springWheat","hay","springWheat","#f781bf","#a65628",10,11,4.6,3.7,10.2,10.8,4.5,3.8,1,0.0352858151023289,362,12.7734650670431,4,0.141143260409315
2017,2018,"other_corn","other","corn","#AAAAAA","#ffd300",10,11,1,6.4,10.2,10.8,1.6,5.8,6,0.211714890613973,960,33.8743824982357,934,32.9569513055752
2017,2018,"other_hay","other","hay","#AAAAAA","#f781bf",10,11,1,4.6,10.2,10.8,1.4,4.2,2,0.0705716302046577,960,33.8743824982357,346,12.2088920254058
2017,2018,"other_other","other","other","#AAAAAA","#AAAAAA",10,11,1,1,10.2,10.8,1,1,950,33.5215243472124,960,33.8743824982357,1047,36.9442484121383
2017,2018,"other_soy","other","soy","#AAAAAA","#4daf4a",10,11,1,5.5,10.2,10.8,1.5,5,2,0.0705716302046577,960,33.8743824982357,503,17.7487649964714
2017,2018,"soy_corn","soy","corn","#4daf4a","#ffd300",10,11,5.5,6.4,10.2,10.8,5.6,6.3,765,26.9936485532816,832,29.3577981651376,934,32.9569513055752
2017,2018,"soy_hay","soy","hay","#4daf4a","#f781bf",10,11,5.5,4.6,10.2,10.8,5.4,4.7,27,0.952717007762879,832,29.3577981651376,346,12.2088920254058
2017,2018,"soy_other","soy","other","#4daf4a","#AAAAAA",10,11,5.5,1,10.2,10.8,5,1.5,5,0.176429075511644,832,29.3577981651376,1047,36.9442484121383
2017,2018,"soy_soy","soy","soy","#4daf4a","#4daf4a",10,11,5.5,5.5,10.2,10.8,5.5,5.5,33,1.16443189837685,832,29.3577981651376,503,17.7487649964714
2017,2018,"soy_springWheat","soy","springWheat","#4daf4a","#a65628",10,11,5.5,3.7,10.2,10.8,5.3,3.9,2,0.0705716302046577,832,29.3577981651376,4,0.141143260409315
2017,2018,"springWheat_hay","springWheat","hay","#a65628","#f781bf",10,11,3.7,4.6,10.2,10.8,3.8,4.5,11,0.388143966125618,12,0.423429781227946,346,12.2088920254058
2017,2018,"springWheat_springWheat","springWheat","springWheat","#a65628","#a65628",10,11,3.7,3.7,10.2,10.8,3.7,3.7,1,0.0352858151023289,12,0.423429781227946,4,0.141143260409315
2018,2019,"corn_corn","corn","corn","#ffd300","#ffd300",11,12,6.4,6.4,11.2,11.8,6.4,6.4,134,4.72829922371207,934,32.9569513055752,597,21.0656316160903
2018,2019,"corn_hay","corn","hay","#ffd300","#f781bf",11,12,6.4,4.6,11.2,11.8,6.2,4.8,3,0.105857445306987,934,32.9569513055752,344,12.1383203952011
2018,2019,"corn_other","corn","other","#ffd300","#AAAAAA",11,12,6.4,1,11.2,11.8,5.8,1.6,24,0.846859562455893,934,32.9569513055752,1055,37.226534932957
2018,2019,"corn_soy","corn","soy","#ffd300","#4daf4a",11,12,6.4,5.5,11.2,11.8,6.3,5.6,773,27.2759350741002,934,32.9569513055752,836,29.4989414255469
2018,2019,"hay_corn","hay","corn","#f781bf","#ffd300",11,12,4.6,6.4,11.2,11.8,4.8,6.2,29,1.02328863796754,433,15.2787579393084,597,21.0656316160903
2018,2019,"hay_hay","hay","hay","#f781bf","#f781bf",11,12,4.6,4.6,11.2,11.8,4.6,4.6,294,10.3740296400847,433,15.2787579393084,344,12.1383203952011
2018,2019,"hay_other","hay","other","#f781bf","#AAAAAA",11,12,4.6,1,11.2,11.8,4.2,1.4,95,3.35215243472124,433,15.2787579393084,1055,37.226534932957
2018,2019,"hay_soy","hay","soy","#f781bf","#4daf4a",11,12,4.6,5.5,11.2,11.8,4.7,5.4,15,0.529287226534933,433,15.2787579393084,836,29.4989414255469
2018,2019,"other_corn","other","corn","#AAAAAA","#ffd300",11,12,1,6.4,11.2,11.8,1.6,5.8,17,0.599858856739591,960,33.8743824982357,597,21.0656316160903
2018,2019,"other_hay","other","hay","#AAAAAA","#f781bf",11,12,1,4.6,11.2,11.8,1.4,4.2,3,0.105857445306987,960,33.8743824982357,344,12.1383203952011
2018,2019,"other_other","other","other","#AAAAAA","#AAAAAA",11,12,1,1,11.2,11.8,1,1,918,32.3923782639379,960,33.8743824982357,1055,37.226534932957
2018,2019,"other_soy","other","soy","#AAAAAA","#4daf4a",11,12,1,5.5,11.2,11.8,1.5,5,22,0.776287932251235,960,33.8743824982357,836,29.4989414255469
2018,2019,"soy_corn","soy","corn","#4daf4a","#ffd300",11,12,5.5,6.4,11.2,11.8,5.6,6.3,417,14.7141848976711,503,17.7487649964714,597,21.0656316160903
2018,2019,"soy_hay","soy","hay","#4daf4a","#f781bf",11,12,5.5,4.6,11.2,11.8,5.4,4.7,44,1.55257586450247,503,17.7487649964714,344,12.1383203952011
2018,2019,"soy_other","soy","other","#4daf4a","#AAAAAA",11,12,5.5,1,11.2,11.8,5,1.5,17,0.599858856739591,503,17.7487649964714,1055,37.226534932957
2018,2019,"soy_soy","soy","soy","#4daf4a","#4daf4a",11,12,5.5,5.5,11.2,11.8,5.5,5.5,23,0.811573747353564,503,17.7487649964714,836,29.4989414255469
2018,2019,"soy_springWheat","soy","springWheat","#4daf4a","#a65628",11,12,5.5,3.7,11.2,11.8,5.3,3.9,2,0.0705716302046577,503,17.7487649964714,2,0.0705716302046577
2018,2019,"springWheat_other","springWheat","other","#a65628","#AAAAAA",11,12,3.7,1,11.2,11.8,3.4,1.3,1,0.0352858151023289,4,0.141143260409315,1055,37.226534932957
2018,2019,"springWheat_soy","springWheat","soy","#a65628","#4daf4a",11,12,3.7,5.5,11.2,11.8,3.9,5.3,3,0.105857445306987,4,0.141143260409315,836,29.4989414255469
2019,2020,"corn_corn","corn","corn","#ffd300","#ffd300",12,13,6.4,6.4,12.2,12.8,6.4,6.4,43,1.51729004940014,597,21.0656316160903,831,29.3225123500353
2019,2020,"corn_hay","corn","hay","#ffd300","#f781bf",12,13,6.4,4.6,12.2,12.8,6.2,4.8,60,2.11714890613973,597,21.0656316160903,346,12.2088920254058
2019,2020,"corn_other","corn","other","#ffd300","#AAAAAA",12,13,6.4,1,12.2,12.8,5.8,1.6,16,0.564573041637262,597,21.0656316160903,1098,38.7438249823571
2019,2020,"corn_soy","corn","soy","#ffd300","#4daf4a",12,13,6.4,5.5,12.2,12.8,6.3,5.6,478,16.8666196189132,597,21.0656316160903,557,19.6541990119972
2019,2020,"hay_corn","hay","corn","#f781bf","#ffd300",12,13,4.6,6.4,12.2,12.8,4.8,6.2,17,0.599858856739591,307,10.832745236415,831,29.3225123500353
2019,2020,"hay_hay","hay","hay","#f781bf","#f781bf",12,13,4.6,4.6,12.2,12.8,4.6,4.6,270,9.52717007762879,307,10.832745236415,346,12.2088920254058
2019,2020,"hay_other","hay","other","#f781bf","#AAAAAA",12,13,4.6,1,12.2,12.8,4.2,1.4,20,0.705716302046577,307,10.832745236415,1098,38.7438249823571
2019,2020,"other_corn","other","corn","#AAAAAA","#ffd300",12,13,1,6.4,12.2,12.8,1.6,5.8,7,0.247000705716302,1092,38.5321100917431,831,29.3225123500353
2019,2020,"other_hay","other","hay","#AAAAAA","#f781bf",12,13,1,4.6,12.2,12.8,1.4,4.2,6,0.211714890613973,1092,38.5321100917431,346,12.2088920254058
2019,2020,"other_other","other","other","#AAAAAA","#AAAAAA",12,13,1,1,12.2,12.8,1,1,1059,37.3676781933663,1092,38.5321100917431,1098,38.7438249823571
2019,2020,"other_soy","other","soy","#AAAAAA","#4daf4a",12,13,1,5.5,12.2,12.8,1.5,5,20,0.705716302046577,1092,38.5321100917431,557,19.6541990119972
2019,2020,"soy_corn","soy","corn","#4daf4a","#ffd300",12,13,5.5,6.4,12.2,12.8,5.6,6.3,764,26.9583627381793,836,29.4989414255469,831,29.3225123500353
2019,2020,"soy_hay","soy","hay","#4daf4a","#f781bf",12,13,5.5,4.6,12.2,12.8,5.4,4.7,10,0.352858151023289,836,29.4989414255469,346,12.2088920254058
2019,2020,"soy_other","soy","other","#4daf4a","#AAAAAA",12,13,5.5,1,12.2,12.8,5,1.5,3,0.105857445306987,836,29.4989414255469,1098,38.7438249823571
2019,2020,"soy_soy","soy","soy","#4daf4a","#4daf4a",12,13,5.5,5.5,12.2,12.8,5.5,5.5,57,2.01129146083275,836,29.4989414255469,557,19.6541990119972
2019,2020,"soy_springWheat","soy","springWheat","#4daf4a","#a65628",12,13,5.5,3.7,12.2,12.8,5.3,3.9,2,0.0705716302046577,836,29.4989414255469,2,0.0705716302046577
2019,2020,"springWheat_soy","springWheat","soy","#a65628","#4daf4a",12,13,3.7,5.5,12.2,12.8,3.9,5.3,2,0.0705716302046577,2,0.0705716302046577,557,19.6541990119972
2020,2021,"corn_corn","corn","corn","#ffd300","#ffd300",13,14,6.4,6.4,13.2,13.8,6.4,6.4,98,3.45800988002823,831,29.3225123500353,625,22.0536344389555
2020,2021,"corn_hay","corn","hay","#ffd300","#f781bf",13,14,6.4,4.6,13.2,13.8,6.2,4.8,8,0.282286520818631,831,29.3225123500353,313,11.0444601270289
2020,2021,"corn_other","corn","other","#ffd300","#AAAAAA",13,14,6.4,1,13.2,13.8,5.8,1.6,69,2.43472124206069,831,29.3225123500353,1170,41.2844036697248
2020,2021,"corn_soy","corn","soy","#ffd300","#4daf4a",13,14,6.4,5.5,13.2,13.8,6.3,5.6,656,23.1474947071277,831,29.3225123500353,724,25.5469301340861
2020,2021,"hay_corn","hay","corn","#f781bf","#ffd300",13,14,4.6,6.4,13.2,13.8,4.8,6.2,12,0.423429781227946,382,13.4791813690896,625,22.0536344389555
2020,2021,"hay_hay","hay","hay","#f781bf","#f781bf",13,14,4.6,4.6,13.2,13.8,4.6,4.6,300,10.5857445306987,382,13.4791813690896,313,11.0444601270289
2020,2021,"hay_other","hay","other","#f781bf","#AAAAAA",13,14,4.6,1,13.2,13.8,4.2,1.4,36,1.27028934368384,382,13.4791813690896,1170,41.2844036697248
2020,2021,"hay_soy","hay","soy","#f781bf","#4daf4a",13,14,4.6,5.5,13.2,13.8,4.7,5.4,34,1.19971771347918,382,13.4791813690896,724,25.5469301340861
2020,2021,"other_corn","other","corn","#AAAAAA","#ffd300",13,14,1,6.4,13.2,13.8,1.6,5.8,1,0.0352858151023289,1062,37.4735356386733,625,22.0536344389555
2020,2021,"other_hay","other","hay","#AAAAAA","#f781bf",13,14,1,4.6,13.2,13.8,1.4,4.2,1,0.0352858151023289,1062,37.4735356386733,313,11.0444601270289
2020,2021,"other_other","other","other","#AAAAAA","#AAAAAA",13,14,1,1,13.2,13.8,1,1,1055,37.226534932957,1062,37.4735356386733,1170,41.2844036697248
2020,2021,"other_soy","other","soy","#AAAAAA","#4daf4a",13,14,1,5.5,13.2,13.8,1.5,5,5,0.176429075511644,1062,37.4735356386733,724,25.5469301340861
2020,2021,"soy_corn","soy","corn","#4daf4a","#ffd300",13,14,5.5,6.4,13.2,13.8,5.6,6.3,513,18.1016231474947,557,19.6541990119972,625,22.0536344389555
2020,2021,"soy_hay","soy","hay","#4daf4a","#f781bf",13,14,5.5,4.6,13.2,13.8,5.4,4.7,4,0.141143260409315,557,19.6541990119972,313,11.0444601270289
2020,2021,"soy_other","soy","other","#4daf4a","#AAAAAA",13,14,5.5,1,13.2,13.8,5,1.5,10,0.352858151023289,557,19.6541990119972,1170,41.2844036697248
2020,2021,"soy_soy","soy","soy","#4daf4a","#4daf4a",13,14,5.5,5.5,13.2,13.8,5.5,5.5,28,0.988002822865208,557,19.6541990119972,724,25.5469301340861
2020,2021,"soy_springWheat","soy","springWheat","#4daf4a","#a65628",13,14,5.5,3.7,13.2,13.8,5.3,3.9,2,0.0705716302046577,557,19.6541990119972,2,0.0705716302046577
2020,2021,"springWheat_corn","springWheat","corn","#a65628","#ffd300",13,14,3.7,6.4,13.2,13.8,4,6.1,1,0.0352858151023289,2,0.0705716302046577,625,22.0536344389555
2020,2021,"springWheat_soy","springWheat","soy","#a65628","#4daf4a",13,14,3.7,5.5,13.2,13.8,3.9,5.3,1,0.0352858151023289,2,0.0705716302046577,724,25.5469301340861
