"xCoords","yCoords","width","colorToUse"
1,6.4,2.09742895805142,"#ffd300"
1.2,6.4,2.09742895805142,"#ffd300"
1.4,6.4,2.09742895805142,"#ffd300"
2,6.4,2.09742895805142,"#ffd300"
1.8,6.4,2.09742895805142,"#ffd300"
1.6,6.4,2.09742895805142,"#ffd300"
1,6.4,0.43978349120433,"#e41a1c"
1.2,5.9,0.43978349120433,"#e41a1c"
1.4,5.9,0.43978349120433,"#e41a1c"
2,1.9,0.43978349120433,"#ffd300"
1.8,2.4,0.43978349120433,"#ffd300"
1.6,2.4,0.43978349120433,"#ffd300"
1,6.4,0.06765899864682,"#f781bf"
1.2,6.2,0.06765899864682,"#f781bf"
1.4,6.2,0.06765899864682,"#f781bf"
2,4.6,0.06765899864682,"#ffd300"
1.8,4.8,0.06765899864682,"#ffd300"
1.6,4.8,0.06765899864682,"#ffd300"
1,6.4,3.45060893098782,"#AAAAAA"
1.2,5.8,3.45060893098782,"#AAAAAA"
1.4,5.8,3.45060893098782,"#AAAAAA"
2,1,3.45060893098782,"#ffd300"
1.8,1.6,3.45060893098782,"#ffd300"
1.6,1.6,3.45060893098782,"#ffd300"
1,6.4,10.0135317997294,"#4daf4a"
1.2,6.3,10.0135317997294,"#4daf4a"
1.4,6.3,10.0135317997294,"#4daf4a"
2,5.5,10.0135317997294,"#ffd300"
1.8,5.6,10.0135317997294,"#ffd300"
1.6,5.6,10.0135317997294,"#ffd300"
1,6.4,0.37212449255751,"#a65628"
1.2,6.1,0.37212449255751,"#a65628"
1.4,6.1,0.37212449255751,"#a65628"
2,3.7,0.37212449255751,"#ffd300"
1.8,4,0.37212449255751,"#ffd300"
1.6,4,0.37212449255751,"#ffd300"
1,6.4,27.1989174560216,"#377eb8"
1.2,6,27.1989174560216,"#377eb8"
1.4,6,27.1989174560216,"#377eb8"
2,2.8,27.1989174560216,"#ffd300"
1.8,3.2,27.1989174560216,"#ffd300"
1.6,3.2,27.1989174560216,"#ffd300"
1,1.9,0.03382949932341,"#ffd300"
1.2,2.4,0.03382949932341,"#ffd300"
1.4,2.4,0.03382949932341,"#ffd300"
2,6.4,0.03382949932341,"#e41a1c"
1.8,5.9,0.03382949932341,"#e41a1c"
1.6,5.9,0.03382949932341,"#e41a1c"
1,4.6,0.06765899864682,"#ffd300"
1.2,4.8,0.06765899864682,"#ffd300"
1.4,4.8,0.06765899864682,"#ffd300"
2,6.4,0.06765899864682,"#f781bf"
1.8,6.2,0.06765899864682,"#f781bf"
1.6,6.2,0.06765899864682,"#f781bf"
1,4.6,0.98105548037889,"#f781bf"
1.2,4.6,0.98105548037889,"#f781bf"
1.4,4.6,0.98105548037889,"#f781bf"
2,4.6,0.98105548037889,"#f781bf"
1.8,4.6,0.98105548037889,"#f781bf"
1.6,4.6,0.98105548037889,"#f781bf"
1,4.6,0.06765899864682,"#AAAAAA"
1.2,4.2,0.06765899864682,"#AAAAAA"
1.4,4.2,0.06765899864682,"#AAAAAA"
2,1,0.06765899864682,"#f781bf"
1.8,1.4,0.06765899864682,"#f781bf"
1.6,1.4,0.06765899864682,"#f781bf"
1,4.6,0.03382949932341,"#4daf4a"
1.2,4.7,0.03382949932341,"#4daf4a"
1.4,4.7,0.03382949932341,"#4daf4a"
2,5.5,0.03382949932341,"#f781bf"
1.8,5.4,0.03382949932341,"#f781bf"
1.6,5.4,0.03382949932341,"#f781bf"
1,1,6.46143437077131,"#ffd300"
1.2,1.6,6.46143437077131,"#ffd300"
1.4,1.6,6.46143437077131,"#ffd300"
2,6.4,6.46143437077131,"#AAAAAA"
1.8,5.8,6.46143437077131,"#AAAAAA"
1.6,5.8,6.46143437077131,"#AAAAAA"
1,1,0.03382949932341,"#e41a1c"
1.2,1.1,0.03382949932341,"#e41a1c"
1.4,1.1,0.03382949932341,"#e41a1c"
2,1.9,0.03382949932341,"#AAAAAA"
1.8,1.8,0.03382949932341,"#AAAAAA"
1.6,1.8,0.03382949932341,"#AAAAAA"
1,1,36.468200270636,"#AAAAAA"
1.2,1,36.468200270636,"#AAAAAA"
1.4,1,36.468200270636,"#AAAAAA"
2,1,36.468200270636,"#AAAAAA"
1.8,1,36.468200270636,"#AAAAAA"
1.6,1,36.468200270636,"#AAAAAA"
1,1,0.98105548037889,"#4daf4a"
1.2,1.5,0.98105548037889,"#4daf4a"
1.4,1.5,0.98105548037889,"#4daf4a"
2,5.5,0.98105548037889,"#AAAAAA"
1.8,5,0.98105548037889,"#AAAAAA"
1.6,5,0.98105548037889,"#AAAAAA"
1,1,0.06765899864682,"#a65628"
1.2,1.3,0.06765899864682,"#a65628"
1.4,1.3,0.06765899864682,"#a65628"
2,3.7,0.06765899864682,"#AAAAAA"
1.8,3.4,0.06765899864682,"#AAAAAA"
1.6,3.4,0.06765899864682,"#AAAAAA"
1,1,0.13531799729364,"#377eb8"
1.2,1.2,0.13531799729364,"#377eb8"
1.4,1.2,0.13531799729364,"#377eb8"
2,2.8,0.13531799729364,"#AAAAAA"
1.8,2.6,0.13531799729364,"#AAAAAA"
1.6,2.6,0.13531799729364,"#AAAAAA"
1,5.5,2.09742895805142,"#ffd300"
1.2,5.6,2.09742895805142,"#ffd300"
1.4,5.6,2.09742895805142,"#ffd300"
2,6.4,2.09742895805142,"#4daf4a"
1.8,6.3,2.09742895805142,"#4daf4a"
1.6,6.3,2.09742895805142,"#4daf4a"
1,5.5,0.06765899864682,"#e41a1c"
1.2,5.1,0.06765899864682,"#e41a1c"
1.4,5.1,0.06765899864682,"#e41a1c"
2,1.9,0.06765899864682,"#4daf4a"
1.8,2.3,0.06765899864682,"#4daf4a"
1.6,2.3,0.06765899864682,"#4daf4a"
1,5.5,0.91339648173207,"#AAAAAA"
1.2,5,0.91339648173207,"#AAAAAA"
1.4,5,0.91339648173207,"#AAAAAA"
2,1,0.91339648173207,"#4daf4a"
1.8,1.5,0.91339648173207,"#4daf4a"
1.6,1.5,0.91339648173207,"#4daf4a"
1,5.5,0.50744248985115,"#4daf4a"
1.2,5.5,0.50744248985115,"#4daf4a"
1.4,5.5,0.50744248985115,"#4daf4a"
2,5.5,0.50744248985115,"#4daf4a"
1.8,5.5,0.50744248985115,"#4daf4a"
1.6,5.5,0.50744248985115,"#4daf4a"
1,5.5,7.37483085250338,"#a65628"
1.2,5.3,7.37483085250338,"#a65628"
1.4,5.3,7.37483085250338,"#a65628"
2,3.7,7.37483085250338,"#4daf4a"
1.8,3.9,7.37483085250338,"#4daf4a"
1.6,3.9,7.37483085250338,"#4daf4a"
1,5.5,0.06765899864682,"#377eb8"
1.2,5.2,0.06765899864682,"#377eb8"
1.4,5.2,0.06765899864682,"#377eb8"
2,2.8,0.06765899864682,"#4daf4a"
1.8,3.1,0.06765899864682,"#4daf4a"
1.6,3.1,0.06765899864682,"#4daf4a"
2,6.4,8.15290933694181,"#ffd300"
2.2,6.4,8.15290933694181,"#ffd300"
2.4,6.4,8.15290933694181,"#ffd300"
3,6.4,8.15290933694181,"#ffd300"
2.8,6.4,8.15290933694181,"#ffd300"
2.6,6.4,8.15290933694181,"#ffd300"
2,6.4,0.60893098782138,"#AAAAAA"
2.2,5.8,0.60893098782138,"#AAAAAA"
2.4,5.8,0.60893098782138,"#AAAAAA"
3,1,0.60893098782138,"#ffd300"
2.8,1.6,0.60893098782138,"#ffd300"
2.6,1.6,0.60893098782138,"#ffd300"
2,6.4,1.99594046008119,"#4daf4a"
2.2,6.3,1.99594046008119,"#4daf4a"
2.4,6.3,1.99594046008119,"#4daf4a"
3,5.5,1.99594046008119,"#ffd300"
2.8,5.6,1.99594046008119,"#ffd300"
2.6,5.6,1.99594046008119,"#ffd300"
2,1.9,0.50744248985115,"#ffd300"
2.2,2.4,0.50744248985115,"#ffd300"
2.4,2.4,0.50744248985115,"#ffd300"
3,6.4,0.50744248985115,"#e41a1c"
2.8,5.9,0.50744248985115,"#e41a1c"
2.6,5.9,0.50744248985115,"#e41a1c"
2,1.9,0.03382949932341,"#AAAAAA"
2.2,1.8,0.03382949932341,"#AAAAAA"
2.4,1.8,0.03382949932341,"#AAAAAA"
3,1,0.03382949932341,"#e41a1c"
2.8,1.1,0.03382949932341,"#e41a1c"
2.6,1.1,0.03382949932341,"#e41a1c"
2,4.6,0.06765899864682,"#ffd300"
2.2,4.8,0.06765899864682,"#ffd300"
2.4,4.8,0.06765899864682,"#ffd300"
3,6.4,0.06765899864682,"#f781bf"
2.8,6.2,0.06765899864682,"#f781bf"
2.6,6.2,0.06765899864682,"#f781bf"
2,1,2.26657645466847,"#ffd300"
2.2,1.6,2.26657645466847,"#ffd300"
2.4,1.6,2.26657645466847,"#ffd300"
3,6.4,2.26657645466847,"#AAAAAA"
2.8,5.8,2.26657645466847,"#AAAAAA"
2.6,5.8,2.26657645466847,"#AAAAAA"
2,1,0.03382949932341,"#f781bf"
2.2,1.4,0.03382949932341,"#f781bf"
2.4,1.4,0.03382949932341,"#f781bf"
3,4.6,0.03382949932341,"#AAAAAA"
2.8,4.2,0.03382949932341,"#AAAAAA"
2.6,4.2,0.03382949932341,"#AAAAAA"
2,1,38.9377537212449,"#AAAAAA"
2.2,1,38.9377537212449,"#AAAAAA"
2.4,1,38.9377537212449,"#AAAAAA"
3,1,38.9377537212449,"#AAAAAA"
2.8,1,38.9377537212449,"#AAAAAA"
2.6,1,38.9377537212449,"#AAAAAA"
2,1,0.60893098782138,"#4daf4a"
2.2,1.5,0.60893098782138,"#4daf4a"
2.4,1.5,0.60893098782138,"#4daf4a"
3,5.5,0.60893098782138,"#AAAAAA"
2.8,5,0.60893098782138,"#AAAAAA"
2.6,5,0.60893098782138,"#AAAAAA"
2,1,0.03382949932341,"#377eb8"
2.2,1.2,0.03382949932341,"#377eb8"
2.4,1.2,0.03382949932341,"#377eb8"
3,2.8,0.03382949932341,"#AAAAAA"
2.8,2.6,0.03382949932341,"#AAAAAA"
2.6,2.6,0.03382949932341,"#AAAAAA"
2,5.5,9.30311231393775,"#ffd300"
2.2,5.6,9.30311231393775,"#ffd300"
2.4,5.6,9.30311231393775,"#ffd300"
3,6.4,9.30311231393775,"#4daf4a"
2.8,6.3,9.30311231393775,"#4daf4a"
2.6,6.3,9.30311231393775,"#4daf4a"
2,5.5,1.04871447902571,"#AAAAAA"
2.2,5,1.04871447902571,"#AAAAAA"
2.4,5,1.04871447902571,"#AAAAAA"
3,1,1.04871447902571,"#4daf4a"
2.8,1.5,1.04871447902571,"#4daf4a"
2.6,1.5,1.04871447902571,"#4daf4a"
2,5.5,1.18403247631935,"#4daf4a"
2.2,5.5,1.18403247631935,"#4daf4a"
2.4,5.5,1.18403247631935,"#4daf4a"
3,5.5,1.18403247631935,"#4daf4a"
2.8,5.5,1.18403247631935,"#4daf4a"
2.6,5.5,1.18403247631935,"#4daf4a"
2,3.7,0.47361299052774,"#ffd300"
2.2,4,0.47361299052774,"#ffd300"
2.4,4,0.47361299052774,"#ffd300"
3,6.4,0.47361299052774,"#a65628"
2.8,6.1,0.47361299052774,"#a65628"
2.6,6.1,0.47361299052774,"#a65628"
2,3.7,0.03382949932341,"#AAAAAA"
2.2,3.4,0.03382949932341,"#AAAAAA"
2.4,3.4,0.03382949932341,"#AAAAAA"
3,1,0.03382949932341,"#a65628"
2.8,1.3,0.03382949932341,"#a65628"
2.6,1.3,0.03382949932341,"#a65628"
2,3.7,7.30717185385656,"#4daf4a"
2.2,3.9,7.30717185385656,"#4daf4a"
2.4,3.9,7.30717185385656,"#4daf4a"
3,5.5,7.30717185385656,"#a65628"
2.8,5.3,7.30717185385656,"#a65628"
2.6,5.3,7.30717185385656,"#a65628"
2,2.8,24.9323410013532,"#ffd300"
2.2,3.2,24.9323410013532,"#ffd300"
2.4,3.2,24.9323410013532,"#ffd300"
3,6.4,24.9323410013532,"#377eb8"
2.8,6,24.9323410013532,"#377eb8"
2.6,6,24.9323410013532,"#377eb8"
2,2.8,0.10148849797023,"#e41a1c"
2.2,2.7,0.10148849797023,"#e41a1c"
2.4,2.7,0.10148849797023,"#e41a1c"
3,1.9,0.10148849797023,"#377eb8"
2.8,2,0.10148849797023,"#377eb8"
2.6,2,0.10148849797023,"#377eb8"
2,2.8,2.0297699594046,"#AAAAAA"
2.2,2.6,2.0297699594046,"#AAAAAA"
2.4,2.6,2.0297699594046,"#AAAAAA"
3,1,2.0297699594046,"#377eb8"
2.8,1.2,2.0297699594046,"#377eb8"
2.6,1.2,2.0297699594046,"#377eb8"
2,2.8,0.3382949932341,"#4daf4a"
2.2,3.1,0.3382949932341,"#4daf4a"
2.4,3.1,0.3382949932341,"#4daf4a"
3,5.5,0.3382949932341,"#377eb8"
2.8,5.2,0.3382949932341,"#377eb8"
2.6,5.2,0.3382949932341,"#377eb8"
3,6.4,9.4722598105548,"#ffd300"
3.2,6.4,9.4722598105548,"#ffd300"
3.4,6.4,9.4722598105548,"#ffd300"
4,6.4,9.4722598105548,"#ffd300"
3.8,6.4,9.4722598105548,"#ffd300"
3.6,6.4,9.4722598105548,"#ffd300"
3,6.4,0.3382949932341,"#AAAAAA"
3.2,5.8,0.3382949932341,"#AAAAAA"
3.4,5.8,0.3382949932341,"#AAAAAA"
4,1,0.3382949932341,"#ffd300"
3.8,1.6,0.3382949932341,"#ffd300"
3.6,1.6,0.3382949932341,"#ffd300"
3,6.4,35.8592692828146,"#4daf4a"
3.2,6.3,35.8592692828146,"#4daf4a"
3.4,6.3,35.8592692828146,"#4daf4a"
4,5.5,35.8592692828146,"#ffd300"
3.8,5.6,35.8592692828146,"#ffd300"
3.6,5.6,35.8592692828146,"#ffd300"
3,6.4,0.03382949932341,"#a65628"
3.2,6.1,0.03382949932341,"#a65628"
3.4,6.1,0.03382949932341,"#a65628"
4,3.7,0.03382949932341,"#ffd300"
3.8,4,0.03382949932341,"#ffd300"
3.6,4,0.03382949932341,"#ffd300"
3,1.9,0.10148849797023,"#4daf4a"
3.2,2.3,0.10148849797023,"#4daf4a"
3.4,2.3,0.10148849797023,"#4daf4a"
4,5.5,0.10148849797023,"#e41a1c"
3.8,5.1,0.10148849797023,"#e41a1c"
3.6,5.1,0.10148849797023,"#e41a1c"
3,4.6,0.03382949932341,"#AAAAAA"
3.2,4.2,0.03382949932341,"#AAAAAA"
3.4,4.2,0.03382949932341,"#AAAAAA"
4,1,0.03382949932341,"#f781bf"
3.8,1.4,0.03382949932341,"#f781bf"
3.6,1.4,0.03382949932341,"#f781bf"
3,1,1.72530446549391,"#ffd300"
3.2,1.6,1.72530446549391,"#ffd300"
3.4,1.6,1.72530446549391,"#ffd300"
4,6.4,1.72530446549391,"#AAAAAA"
3.8,5.8,1.72530446549391,"#AAAAAA"
3.6,5.8,1.72530446549391,"#AAAAAA"
3,1,37.9905277401894,"#AAAAAA"
3.2,1,37.9905277401894,"#AAAAAA"
3.4,1,37.9905277401894,"#AAAAAA"
4,1,37.9905277401894,"#AAAAAA"
3.8,1,37.9905277401894,"#AAAAAA"
3.6,1,37.9905277401894,"#AAAAAA"
3,1,2.97699594046008,"#4daf4a"
3.2,1.5,2.97699594046008,"#4daf4a"
3.4,1.5,2.97699594046008,"#4daf4a"
4,5.5,2.97699594046008,"#AAAAAA"
3.8,5,2.97699594046008,"#AAAAAA"
3.6,5,2.97699594046008,"#AAAAAA"
3,5.5,7.64546684709066,"#ffd300"
3.2,5.6,7.64546684709066,"#ffd300"
3.4,5.6,7.64546684709066,"#ffd300"
4,6.4,7.64546684709066,"#4daf4a"
3.8,6.3,7.64546684709066,"#4daf4a"
3.6,6.3,7.64546684709066,"#4daf4a"
3,5.5,0.16914749661705,"#AAAAAA"
3.2,5,0.16914749661705,"#AAAAAA"
3.4,5,0.16914749661705,"#AAAAAA"
4,1,0.16914749661705,"#4daf4a"
3.8,1.5,0.16914749661705,"#4daf4a"
3.6,1.5,0.16914749661705,"#4daf4a"
3,5.5,1.79296346414073,"#4daf4a"
3.2,5.5,1.79296346414073,"#4daf4a"
3.4,5.5,1.79296346414073,"#4daf4a"
4,5.5,1.79296346414073,"#4daf4a"
3.8,5.5,1.79296346414073,"#4daf4a"
3.6,5.5,1.79296346414073,"#4daf4a"
3,5.5,1.82679296346414,"#a65628"
3.2,5.3,1.82679296346414,"#a65628"
3.4,5.3,1.82679296346414,"#a65628"
4,3.7,1.82679296346414,"#4daf4a"
3.8,3.9,1.82679296346414,"#4daf4a"
3.6,3.9,1.82679296346414,"#4daf4a"
3,2.8,0.03382949932341,"#AAAAAA"
3.2,2.6,0.03382949932341,"#AAAAAA"
3.4,2.6,0.03382949932341,"#AAAAAA"
4,1,0.03382949932341,"#377eb8"
3.8,1.2,0.03382949932341,"#377eb8"
3.6,1.2,0.03382949932341,"#377eb8"
4,6.4,0.71041948579161,"#ffd300"
4.2,6.4,0.71041948579161,"#ffd300"
4.4,6.4,0.71041948579161,"#ffd300"
5,6.4,0.71041948579161,"#ffd300"
4.8,6.4,0.71041948579161,"#ffd300"
4.6,6.4,0.71041948579161,"#ffd300"
4,6.4,1.48849797023004,"#AAAAAA"
4.2,5.8,1.48849797023004,"#AAAAAA"
4.4,5.8,1.48849797023004,"#AAAAAA"
5,1,1.48849797023004,"#ffd300"
4.8,1.6,1.48849797023004,"#ffd300"
4.6,1.6,1.48849797023004,"#ffd300"
4,6.4,7.13802435723951,"#4daf4a"
4.2,6.3,7.13802435723951,"#4daf4a"
4.4,6.3,7.13802435723951,"#4daf4a"
5,5.5,7.13802435723951,"#ffd300"
4.8,5.6,7.13802435723951,"#ffd300"
4.6,5.6,7.13802435723951,"#ffd300"
4,6.4,9.50608930987821,"#377eb8"
4.2,6,9.50608930987821,"#377eb8"
4.4,6,9.50608930987821,"#377eb8"
5,2.8,9.50608930987821,"#ffd300"
4.8,3.2,9.50608930987821,"#ffd300"
4.6,3.2,9.50608930987821,"#ffd300"
4,1,1.6914749661705,"#ffd300"
4.2,1.6,1.6914749661705,"#ffd300"
4.4,1.6,1.6914749661705,"#ffd300"
5,6.4,1.6914749661705,"#AAAAAA"
4.8,5.8,1.6914749661705,"#AAAAAA"
4.6,5.8,1.6914749661705,"#AAAAAA"
4,1,36.7050067658999,"#AAAAAA"
4.2,1,36.7050067658999,"#AAAAAA"
4.4,1,36.7050067658999,"#AAAAAA"
5,1,36.7050067658999,"#AAAAAA"
4.8,1,36.7050067658999,"#AAAAAA"
4.6,1,36.7050067658999,"#AAAAAA"
4,1,0.16914749661705,"#4daf4a"
4.2,1.5,0.16914749661705,"#4daf4a"
4.4,1.5,0.16914749661705,"#4daf4a"
5,5.5,0.16914749661705,"#AAAAAA"
4.8,5,0.16914749661705,"#AAAAAA"
4.6,5,0.16914749661705,"#AAAAAA"
4,5.5,31.4614343707713,"#ffd300"
4.2,5.6,31.4614343707713,"#ffd300"
4.4,5.6,31.4614343707713,"#ffd300"
5,6.4,31.4614343707713,"#4daf4a"
4.8,6.3,31.4614343707713,"#4daf4a"
4.6,6.3,31.4614343707713,"#4daf4a"
4,5.5,0.03382949932341,"#e41a1c"
4.2,5.1,0.03382949932341,"#e41a1c"
4.4,5.1,0.03382949932341,"#e41a1c"
5,1.9,0.03382949932341,"#4daf4a"
4.8,2.3,0.03382949932341,"#4daf4a"
4.6,2.3,0.03382949932341,"#4daf4a"
4,5.5,0.13531799729364,"#AAAAAA"
4.2,5,0.13531799729364,"#AAAAAA"
4.4,5,0.13531799729364,"#AAAAAA"
5,1,0.13531799729364,"#4daf4a"
4.8,1.5,0.13531799729364,"#4daf4a"
4.6,1.5,0.13531799729364,"#4daf4a"
4,5.5,0.64276048714479,"#4daf4a"
4.2,5.5,0.64276048714479,"#4daf4a"
4.4,5.5,0.64276048714479,"#4daf4a"
5,5.5,0.64276048714479,"#4daf4a"
4.8,5.5,0.64276048714479,"#4daf4a"
4.6,5.5,0.64276048714479,"#4daf4a"
4,5.5,8.4573748308525,"#377eb8"
4.2,5.2,8.4573748308525,"#377eb8"
4.4,5.2,8.4573748308525,"#377eb8"
5,2.8,8.4573748308525,"#4daf4a"
4.8,3.1,8.4573748308525,"#4daf4a"
4.6,3.1,8.4573748308525,"#4daf4a"
4,3.7,0.13531799729364,"#ffd300"
4.2,4,0.13531799729364,"#ffd300"
4.4,4,0.13531799729364,"#ffd300"
5,6.4,0.13531799729364,"#a65628"
4.8,6.1,0.13531799729364,"#a65628"
4.6,6.1,0.13531799729364,"#a65628"
4,3.7,0.03382949932341,"#AAAAAA"
4.2,3.4,0.03382949932341,"#AAAAAA"
4.4,3.4,0.03382949932341,"#AAAAAA"
5,1,0.03382949932341,"#a65628"
4.8,1.3,0.03382949932341,"#a65628"
4.6,1.3,0.03382949932341,"#a65628"
4,3.7,1.6914749661705,"#4daf4a"
4.2,3.9,1.6914749661705,"#4daf4a"
4.4,3.9,1.6914749661705,"#4daf4a"
5,5.5,1.6914749661705,"#a65628"
4.8,5.3,1.6914749661705,"#a65628"
4.6,5.3,1.6914749661705,"#a65628"
5,6.4,4.7361299052774,"#ffd300"
5.2,6.4,4.7361299052774,"#ffd300"
5.4,6.4,4.7361299052774,"#ffd300"
6,6.4,4.7361299052774,"#ffd300"
5.8,6.4,4.7361299052774,"#ffd300"
5.6,6.4,4.7361299052774,"#ffd300"
5,6.4,0.77807848443843,"#AAAAAA"
5.2,5.8,0.77807848443843,"#AAAAAA"
5.4,5.8,0.77807848443843,"#AAAAAA"
6,1,0.77807848443843,"#ffd300"
5.8,1.6,0.77807848443843,"#ffd300"
5.6,1.6,0.77807848443843,"#ffd300"
5,6.4,28.4506089309878,"#4daf4a"
5.2,6.3,28.4506089309878,"#4daf4a"
5.4,6.3,28.4506089309878,"#4daf4a"
6,5.5,28.4506089309878,"#ffd300"
5.8,5.6,28.4506089309878,"#ffd300"
5.6,5.6,28.4506089309878,"#ffd300"
5,6.4,0.03382949932341,"#377eb8"
5.2,6,0.03382949932341,"#377eb8"
5.4,6,0.03382949932341,"#377eb8"
6,2.8,0.03382949932341,"#ffd300"
5.8,3.2,0.03382949932341,"#ffd300"
5.6,3.2,0.03382949932341,"#ffd300"
5,1.9,0.03382949932341,"#4daf4a"
5.2,2.3,0.03382949932341,"#4daf4a"
5.4,2.3,0.03382949932341,"#4daf4a"
6,5.5,0.03382949932341,"#e41a1c"
5.8,5.1,0.03382949932341,"#e41a1c"
5.6,5.1,0.03382949932341,"#e41a1c"
5,1,0.20297699594046,"#ffd300"
5.2,1.6,0.20297699594046,"#ffd300"
5.4,1.6,0.20297699594046,"#ffd300"
6,6.4,0.20297699594046,"#AAAAAA"
5.8,5.8,0.20297699594046,"#AAAAAA"
5.6,5.8,0.20297699594046,"#AAAAAA"
5,1,38.0920162381597,"#AAAAAA"
5.2,1,38.0920162381597,"#AAAAAA"
5.4,1,38.0920162381597,"#AAAAAA"
6,1,38.0920162381597,"#AAAAAA"
5.8,1,38.0920162381597,"#AAAAAA"
5.6,1,38.0920162381597,"#AAAAAA"
5,1,0.06765899864682,"#4daf4a"
5.2,1.5,0.06765899864682,"#4daf4a"
5.4,1.5,0.06765899864682,"#4daf4a"
6,5.5,0.06765899864682,"#AAAAAA"
5.8,5,0.06765899864682,"#AAAAAA"
5.6,5,0.06765899864682,"#AAAAAA"
5,5.5,8.72801082543978,"#ffd300"
5.2,5.6,8.72801082543978,"#ffd300"
5.4,5.6,8.72801082543978,"#ffd300"
6,6.4,8.72801082543978,"#4daf4a"
5.8,6.3,8.72801082543978,"#4daf4a"
5.6,6.3,8.72801082543978,"#4daf4a"
5,5.5,0.06765899864682,"#f781bf"
5.2,5.4,0.06765899864682,"#f781bf"
5.4,5.4,0.06765899864682,"#f781bf"
6,4.6,0.06765899864682,"#4daf4a"
5.8,4.7,0.06765899864682,"#4daf4a"
5.6,4.7,0.06765899864682,"#4daf4a"
5,5.5,0.20297699594046,"#AAAAAA"
5.2,5,0.20297699594046,"#AAAAAA"
5.4,5,0.20297699594046,"#AAAAAA"
6,1,0.20297699594046,"#4daf4a"
5.8,1.5,0.20297699594046,"#4daf4a"
5.6,1.5,0.20297699594046,"#4daf4a"
5,5.5,0.60893098782138,"#4daf4a"
5.2,5.5,0.60893098782138,"#4daf4a"
5.4,5.5,0.60893098782138,"#4daf4a"
6,5.5,0.60893098782138,"#4daf4a"
5.8,5.5,0.60893098782138,"#4daf4a"
5.6,5.5,0.60893098782138,"#4daf4a"
5,5.5,0.03382949932341,"#a65628"
5.2,5.3,0.03382949932341,"#a65628"
5.4,5.3,0.03382949932341,"#a65628"
6,3.7,0.03382949932341,"#4daf4a"
5.8,3.9,0.03382949932341,"#4daf4a"
5.6,3.9,0.03382949932341,"#4daf4a"
5,2.8,17.9296346414073,"#ffd300"
5.2,3.2,17.9296346414073,"#ffd300"
5.4,3.2,17.9296346414073,"#ffd300"
6,6.4,17.9296346414073,"#377eb8"
5.8,6,17.9296346414073,"#377eb8"
5.6,6,17.9296346414073,"#377eb8"
5,2.8,0.03382949932341,"#f781bf"
5.2,3,0.03382949932341,"#f781bf"
5.4,3,0.03382949932341,"#f781bf"
6,4.6,0.03382949932341,"#377eb8"
5.8,4.4,0.03382949932341,"#377eb8"
5.6,4.4,0.03382949932341,"#377eb8"
6,6.4,14.9526387009472,"#ffd300"
6.2,6.4,14.9526387009472,"#ffd300"
6.4,6.4,14.9526387009472,"#ffd300"
7,6.4,14.9526387009472,"#ffd300"
6.8,6.4,14.9526387009472,"#ffd300"
6.6,6.4,14.9526387009472,"#ffd300"
6,6.4,0.3382949932341,"#AAAAAA"
6.2,5.8,0.3382949932341,"#AAAAAA"
6.4,5.8,0.3382949932341,"#AAAAAA"
7,1,0.3382949932341,"#ffd300"
6.8,1.6,0.3382949932341,"#ffd300"
6.6,1.6,0.3382949932341,"#ffd300"
6,6.4,16.3058186738836,"#4daf4a"
6.2,6.3,16.3058186738836,"#4daf4a"
6.4,6.3,16.3058186738836,"#4daf4a"
7,5.5,16.3058186738836,"#ffd300"
6.8,5.6,16.3058186738836,"#ffd300"
6.6,5.6,16.3058186738836,"#ffd300"
6,4.6,0.10148849797023,"#ffd300"
6.2,4.8,0.10148849797023,"#ffd300"
6.4,4.8,0.10148849797023,"#ffd300"
7,6.4,0.10148849797023,"#f781bf"
6.8,6.2,0.10148849797023,"#f781bf"
6.6,6.2,0.10148849797023,"#f781bf"
6,4.6,0.13531799729364,"#f781bf"
6.2,4.6,0.13531799729364,"#f781bf"
6.4,4.6,0.13531799729364,"#f781bf"
7,4.6,0.13531799729364,"#f781bf"
6.8,4.6,0.13531799729364,"#f781bf"
6.6,4.6,0.13531799729364,"#f781bf"
6,1,0.50744248985115,"#ffd300"
6.2,1.6,0.50744248985115,"#ffd300"
6.4,1.6,0.50744248985115,"#ffd300"
7,6.4,0.50744248985115,"#AAAAAA"
6.8,5.8,0.50744248985115,"#AAAAAA"
6.6,5.8,0.50744248985115,"#AAAAAA"
6,1,0.03382949932341,"#e41a1c"
6.2,1.1,0.03382949932341,"#e41a1c"
6.4,1.1,0.03382949932341,"#e41a1c"
7,1.9,0.03382949932341,"#AAAAAA"
6.8,1.8,0.03382949932341,"#AAAAAA"
6.6,1.8,0.03382949932341,"#AAAAAA"
6,1,38.3288227334235,"#AAAAAA"
6.2,1,38.3288227334235,"#AAAAAA"
6.4,1,38.3288227334235,"#AAAAAA"
7,1,38.3288227334235,"#AAAAAA"
6.8,1,38.3288227334235,"#AAAAAA"
6.6,1,38.3288227334235,"#AAAAAA"
6,1,0.06765899864682,"#4daf4a"
6.2,1.5,0.06765899864682,"#4daf4a"
6.4,1.5,0.06765899864682,"#4daf4a"
7,5.5,0.06765899864682,"#AAAAAA"
6.8,5,0.06765899864682,"#AAAAAA"
6.6,5,0.06765899864682,"#AAAAAA"
6,5.5,24.5940460081191,"#ffd300"
6.2,5.6,24.5940460081191,"#ffd300"
6.4,5.6,24.5940460081191,"#ffd300"
7,6.4,24.5940460081191,"#4daf4a"
6.8,6.3,24.5940460081191,"#4daf4a"
6.6,6.3,24.5940460081191,"#4daf4a"
6,5.5,0.03382949932341,"#AAAAAA"
6.2,5,0.03382949932341,"#AAAAAA"
6.4,5,0.03382949932341,"#AAAAAA"
7,1,0.03382949932341,"#4daf4a"
6.8,1.5,0.03382949932341,"#4daf4a"
6.6,1.5,0.03382949932341,"#4daf4a"
6,5.5,0.60893098782138,"#4daf4a"
6.2,5.5,0.60893098782138,"#4daf4a"
6.4,5.5,0.60893098782138,"#4daf4a"
7,5.5,0.60893098782138,"#4daf4a"
6.8,5.5,0.60893098782138,"#4daf4a"
6.6,5.5,0.60893098782138,"#4daf4a"
6,5.5,3.92422192151556,"#377eb8"
6.2,5.2,3.92422192151556,"#377eb8"
6.4,5.2,3.92422192151556,"#377eb8"
7,2.8,3.92422192151556,"#4daf4a"
6.8,3.1,3.92422192151556,"#4daf4a"
6.6,3.1,3.92422192151556,"#4daf4a"
6,3.7,0.03382949932341,"#ffd300"
6.2,4,0.03382949932341,"#ffd300"
6.4,4,0.03382949932341,"#ffd300"
7,6.4,0.03382949932341,"#a65628"
6.8,6.1,0.03382949932341,"#a65628"
6.6,6.1,0.03382949932341,"#a65628"
6,2.8,0.03382949932341,"#ffd300"
6.2,3.2,0.03382949932341,"#ffd300"
6.4,3.2,0.03382949932341,"#ffd300"
7,6.4,0.03382949932341,"#377eb8"
6.8,6,0.03382949932341,"#377eb8"
6.6,6,0.03382949932341,"#377eb8"
7,6.4,2.94316644113667,"#ffd300"
7.2,6.4,2.94316644113667,"#ffd300"
7.4,6.4,2.94316644113667,"#ffd300"
8,6.4,2.94316644113667,"#ffd300"
7.8,6.4,2.94316644113667,"#ffd300"
7.6,6.4,2.94316644113667,"#ffd300"
7,6.4,0.27063599458728,"#e41a1c"
7.2,5.9,0.27063599458728,"#e41a1c"
7.4,5.9,0.27063599458728,"#e41a1c"
8,1.9,0.27063599458728,"#ffd300"
7.8,2.4,0.27063599458728,"#ffd300"
7.6,2.4,0.27063599458728,"#ffd300"
7,6.4,0.06765899864682,"#AAAAAA"
7.2,5.8,0.06765899864682,"#AAAAAA"
7.4,5.8,0.06765899864682,"#AAAAAA"
8,1,0.06765899864682,"#ffd300"
7.8,1.6,0.06765899864682,"#ffd300"
7.6,1.6,0.06765899864682,"#ffd300"
7,6.4,14.5805142083897,"#4daf4a"
7.2,6.3,14.5805142083897,"#4daf4a"
7.4,6.3,14.5805142083897,"#4daf4a"
8,5.5,14.5805142083897,"#ffd300"
7.8,5.6,14.5805142083897,"#ffd300"
7.6,5.6,14.5805142083897,"#ffd300"
7,6.4,0.03382949932341,"#a65628"
7.2,6.1,0.03382949932341,"#a65628"
7.4,6.1,0.03382949932341,"#a65628"
8,3.7,0.03382949932341,"#ffd300"
7.8,4,0.03382949932341,"#ffd300"
7.6,4,0.03382949932341,"#ffd300"
7,6.4,22.3274695534506,"#377eb8"
7.2,6,22.3274695534506,"#377eb8"
7.4,6,22.3274695534506,"#377eb8"
8,2.8,22.3274695534506,"#ffd300"
7.8,3.2,22.3274695534506,"#ffd300"
7.6,3.2,22.3274695534506,"#ffd300"
7,1.9,0.03382949932341,"#4daf4a"
7.2,2.3,0.03382949932341,"#4daf4a"
7.4,2.3,0.03382949932341,"#4daf4a"
8,5.5,0.03382949932341,"#e41a1c"
7.8,5.1,0.03382949932341,"#e41a1c"
7.6,5.1,0.03382949932341,"#e41a1c"
7,1,0.23680649526387,"#ffd300"
7.2,1.6,0.23680649526387,"#ffd300"
7.4,1.6,0.23680649526387,"#ffd300"
8,6.4,0.23680649526387,"#AAAAAA"
7.8,5.8,0.23680649526387,"#AAAAAA"
7.6,5.8,0.23680649526387,"#AAAAAA"
7,1,38.531799729364,"#AAAAAA"
7.2,1,38.531799729364,"#AAAAAA"
7.4,1,38.531799729364,"#AAAAAA"
8,1,38.531799729364,"#AAAAAA"
7.8,1,38.531799729364,"#AAAAAA"
7.6,1,38.531799729364,"#AAAAAA"
7,1,0.06765899864682,"#377eb8"
7.2,1.2,0.06765899864682,"#377eb8"
7.4,1.2,0.06765899864682,"#377eb8"
8,2.8,0.06765899864682,"#AAAAAA"
7.8,2.6,0.06765899864682,"#AAAAAA"
7.6,2.6,0.06765899864682,"#AAAAAA"
7,5.5,14.7158322056834,"#ffd300"
7.2,5.6,14.7158322056834,"#ffd300"
7.4,5.6,14.7158322056834,"#ffd300"
8,6.4,14.7158322056834,"#4daf4a"
7.8,6.3,14.7158322056834,"#4daf4a"
7.6,6.3,14.7158322056834,"#4daf4a"
7,5.5,0.03382949932341,"#AAAAAA"
7.2,5,0.03382949932341,"#AAAAAA"
7.4,5,0.03382949932341,"#AAAAAA"
8,1,0.03382949932341,"#4daf4a"
7.8,1.5,0.03382949932341,"#4daf4a"
7.6,1.5,0.03382949932341,"#4daf4a"
7,5.5,2.0297699594046,"#4daf4a"
7.2,5.5,2.0297699594046,"#4daf4a"
7.4,5.5,2.0297699594046,"#4daf4a"
8,5.5,2.0297699594046,"#4daf4a"
7.8,5.5,2.0297699594046,"#4daf4a"
7.6,5.5,2.0297699594046,"#4daf4a"
7,5.5,0.20297699594046,"#377eb8"
7.2,5.2,0.20297699594046,"#377eb8"
7.4,5.2,0.20297699594046,"#377eb8"
8,2.8,0.20297699594046,"#4daf4a"
7.8,3.1,0.20297699594046,"#4daf4a"
7.6,3.1,0.20297699594046,"#4daf4a"
7,2.8,3.68741542625169,"#ffd300"
7.2,3.2,3.68741542625169,"#ffd300"
7.4,3.2,3.68741542625169,"#ffd300"
8,6.4,3.68741542625169,"#377eb8"
7.8,6,3.68741542625169,"#377eb8"
7.6,6,3.68741542625169,"#377eb8"
7,2.8,0.23680649526387,"#4daf4a"
7.2,3.1,0.23680649526387,"#4daf4a"
7.4,3.1,0.23680649526387,"#4daf4a"
8,5.5,0.23680649526387,"#377eb8"
7.8,5.2,0.23680649526387,"#377eb8"
7.6,5.2,0.23680649526387,"#377eb8"
8,6.4,0.60893098782138,"#ffd300"
8.2,6.4,0.60893098782138,"#ffd300"
8.4,6.4,0.60893098782138,"#ffd300"
9,6.4,0.60893098782138,"#ffd300"
8.8,6.4,0.60893098782138,"#ffd300"
8.6,6.4,0.60893098782138,"#ffd300"
8,6.4,0.03382949932341,"#e41a1c"
8.2,5.9,0.03382949932341,"#e41a1c"
8.4,5.9,0.03382949932341,"#e41a1c"
9,1.9,0.03382949932341,"#ffd300"
8.8,2.4,0.03382949932341,"#ffd300"
8.6,2.4,0.03382949932341,"#ffd300"
8,6.4,0.06765899864682,"#AAAAAA"
8.2,5.8,0.06765899864682,"#AAAAAA"
8.4,5.8,0.06765899864682,"#AAAAAA"
9,1,0.06765899864682,"#ffd300"
8.8,1.6,0.06765899864682,"#ffd300"
8.6,1.6,0.06765899864682,"#ffd300"
8,6.4,20.8051420838972,"#4daf4a"
8.2,6.3,20.8051420838972,"#4daf4a"
8.4,6.3,20.8051420838972,"#4daf4a"
9,5.5,20.8051420838972,"#ffd300"
8.8,5.6,20.8051420838972,"#ffd300"
8.6,5.6,20.8051420838972,"#ffd300"
8,6.4,0.06765899864682,"#377eb8"
8.2,6,0.06765899864682,"#377eb8"
8.4,6,0.06765899864682,"#377eb8"
9,2.8,0.06765899864682,"#ffd300"
8.8,3.2,0.06765899864682,"#ffd300"
8.6,3.2,0.06765899864682,"#ffd300"
8,1.9,0.03382949932341,"#ffd300"
8.2,2.4,0.03382949932341,"#ffd300"
8.4,2.4,0.03382949932341,"#ffd300"
9,6.4,0.03382949932341,"#e41a1c"
8.8,5.9,0.03382949932341,"#e41a1c"
8.6,5.9,0.03382949932341,"#e41a1c"
8,1.9,0.23680649526387,"#4daf4a"
8.2,2.3,0.23680649526387,"#4daf4a"
8.4,2.3,0.23680649526387,"#4daf4a"
9,5.5,0.23680649526387,"#e41a1c"
8.8,5.1,0.23680649526387,"#e41a1c"
8.6,5.1,0.23680649526387,"#e41a1c"
8,1,0.06765899864682,"#ffd300"
8.2,1.6,0.06765899864682,"#ffd300"
8.4,1.6,0.06765899864682,"#ffd300"
9,6.4,0.06765899864682,"#AAAAAA"
8.8,5.8,0.06765899864682,"#AAAAAA"
8.6,5.8,0.06765899864682,"#AAAAAA"
8,1,38.531799729364,"#AAAAAA"
8.2,1,38.531799729364,"#AAAAAA"
8.4,1,38.531799729364,"#AAAAAA"
9,1,38.531799729364,"#AAAAAA"
8.8,1,38.531799729364,"#AAAAAA"
8.6,1,38.531799729364,"#AAAAAA"
8,1,0.03382949932341,"#4daf4a"
8.2,1.5,0.03382949932341,"#4daf4a"
8.4,1.5,0.03382949932341,"#4daf4a"
9,5.5,0.03382949932341,"#AAAAAA"
8.8,5,0.03382949932341,"#AAAAAA"
8.6,5,0.03382949932341,"#AAAAAA"
8,5.5,16.1028416779432,"#ffd300"
8.2,5.6,16.1028416779432,"#ffd300"
8.4,5.6,16.1028416779432,"#ffd300"
9,6.4,16.1028416779432,"#4daf4a"
8.8,6.3,16.1028416779432,"#4daf4a"
8.6,6.3,16.1028416779432,"#4daf4a"
8,5.5,0.03382949932341,"#e41a1c"
8.2,5.1,0.03382949932341,"#e41a1c"
8.4,5.1,0.03382949932341,"#e41a1c"
9,1.9,0.03382949932341,"#4daf4a"
8.8,2.3,0.03382949932341,"#4daf4a"
8.6,2.3,0.03382949932341,"#4daf4a"
8,5.5,0.03382949932341,"#f781bf"
8.2,5.4,0.03382949932341,"#f781bf"
8.4,5.4,0.03382949932341,"#f781bf"
9,4.6,0.03382949932341,"#4daf4a"
8.8,4.7,0.03382949932341,"#4daf4a"
8.6,4.7,0.03382949932341,"#4daf4a"
8,5.5,0.60893098782138,"#4daf4a"
8.2,5.5,0.60893098782138,"#4daf4a"
8.4,5.5,0.60893098782138,"#4daf4a"
9,5.5,0.60893098782138,"#4daf4a"
8.8,5.5,0.60893098782138,"#4daf4a"
8.6,5.5,0.60893098782138,"#4daf4a"
8,5.5,0.10148849797023,"#377eb8"
8.2,5.2,0.10148849797023,"#377eb8"
8.4,5.2,0.10148849797023,"#377eb8"
9,2.8,0.10148849797023,"#4daf4a"
8.8,3.1,0.10148849797023,"#4daf4a"
8.6,3.1,0.10148849797023,"#4daf4a"
8,3.7,0.03382949932341,"#4daf4a"
8.2,3.9,0.03382949932341,"#4daf4a"
8.4,3.9,0.03382949932341,"#4daf4a"
9,5.5,0.03382949932341,"#a65628"
8.8,5.3,0.03382949932341,"#a65628"
8.6,5.3,0.03382949932341,"#a65628"
8,2.8,11.2313937753721,"#ffd300"
8.2,3.2,11.2313937753721,"#ffd300"
8.4,3.2,11.2313937753721,"#ffd300"
9,6.4,11.2313937753721,"#377eb8"
8.8,6,11.2313937753721,"#377eb8"
8.6,6,11.2313937753721,"#377eb8"
8,2.8,11.3328822733424,"#4daf4a"
8.2,3.1,11.3328822733424,"#4daf4a"
8.4,3.1,11.3328822733424,"#4daf4a"
9,5.5,11.3328822733424,"#377eb8"
8.8,5.2,11.3328822733424,"#377eb8"
8.6,5.2,11.3328822733424,"#377eb8"
8,2.8,0.03382949932341,"#377eb8"
8.2,2.8,0.03382949932341,"#377eb8"
8.4,2.8,0.03382949932341,"#377eb8"
9,2.8,0.03382949932341,"#377eb8"
8.8,2.8,0.03382949932341,"#377eb8"
8.6,2.8,0.03382949932341,"#377eb8"
9,6.4,1.52232746955345,"#ffd300"
9.2,6.4,1.52232746955345,"#ffd300"
9.4,6.4,1.52232746955345,"#ffd300"
10,6.4,1.52232746955345,"#ffd300"
9.8,6.4,1.52232746955345,"#ffd300"
9.6,6.4,1.52232746955345,"#ffd300"
9,6.4,0.03382949932341,"#e41a1c"
9.2,5.9,0.03382949932341,"#e41a1c"
9.4,5.9,0.03382949932341,"#e41a1c"
10,1.9,0.03382949932341,"#ffd300"
9.8,2.4,0.03382949932341,"#ffd300"
9.6,2.4,0.03382949932341,"#ffd300"
9,6.4,0.06765899864682,"#f781bf"
9.2,6.2,0.06765899864682,"#f781bf"
9.4,6.2,0.06765899864682,"#f781bf"
10,4.6,0.06765899864682,"#ffd300"
9.8,4.8,0.06765899864682,"#ffd300"
9.6,4.8,0.06765899864682,"#ffd300"
9,6.4,13.0243572395129,"#4daf4a"
9.2,6.3,13.0243572395129,"#4daf4a"
9.4,6.3,13.0243572395129,"#4daf4a"
10,5.5,13.0243572395129,"#ffd300"
9.8,5.6,13.0243572395129,"#ffd300"
9.6,5.6,13.0243572395129,"#ffd300"
9,6.4,13.3964817320704,"#377eb8"
9.2,6,13.3964817320704,"#377eb8"
9.4,6,13.3964817320704,"#377eb8"
10,2.8,13.3964817320704,"#ffd300"
9.8,3.2,13.3964817320704,"#ffd300"
9.6,3.2,13.3964817320704,"#ffd300"
9,1.9,0.06765899864682,"#4daf4a"
9.2,2.3,0.06765899864682,"#4daf4a"
9.4,2.3,0.06765899864682,"#4daf4a"
10,5.5,0.06765899864682,"#e41a1c"
9.8,5.1,0.06765899864682,"#e41a1c"
9.6,5.1,0.06765899864682,"#e41a1c"
9,4.6,0.03382949932341,"#ffd300"
9.2,4.8,0.03382949932341,"#ffd300"
9.4,4.8,0.03382949932341,"#ffd300"
10,6.4,0.03382949932341,"#f781bf"
9.8,6.2,0.03382949932341,"#f781bf"
9.6,6.2,0.03382949932341,"#f781bf"
9,1,0.13531799729364,"#ffd300"
9.2,1.6,0.13531799729364,"#ffd300"
9.4,1.6,0.13531799729364,"#ffd300"
10,6.4,0.13531799729364,"#AAAAAA"
9.8,5.8,0.13531799729364,"#AAAAAA"
9.6,5.8,0.13531799729364,"#AAAAAA"
9,1,38.2949932341001,"#AAAAAA"
9.2,1,38.2949932341001,"#AAAAAA"
9.4,1,38.2949932341001,"#AAAAAA"
10,1,38.2949932341001,"#AAAAAA"
9.8,1,38.2949932341001,"#AAAAAA"
9.6,1,38.2949932341001,"#AAAAAA"
9,1,0.16914749661705,"#4daf4a"
9.2,1.5,0.16914749661705,"#4daf4a"
9.4,1.5,0.16914749661705,"#4daf4a"
10,5.5,0.16914749661705,"#AAAAAA"
9.8,5,0.16914749661705,"#AAAAAA"
9.6,5,0.16914749661705,"#AAAAAA"
9,5.5,25.4059539918809,"#ffd300"
9.2,5.6,25.4059539918809,"#ffd300"
9.4,5.6,25.4059539918809,"#ffd300"
10,6.4,25.4059539918809,"#4daf4a"
9.8,6.3,25.4059539918809,"#4daf4a"
9.6,6.3,25.4059539918809,"#4daf4a"
9,5.5,0.03382949932341,"#AAAAAA"
9.2,5,0.03382949932341,"#AAAAAA"
9.4,5,0.03382949932341,"#AAAAAA"
10,1,0.03382949932341,"#4daf4a"
9.8,1.5,0.03382949932341,"#4daf4a"
9.6,1.5,0.03382949932341,"#4daf4a"
9,5.5,2.0297699594046,"#4daf4a"
9.2,5.5,2.0297699594046,"#4daf4a"
9.4,5.5,2.0297699594046,"#4daf4a"
10,5.5,2.0297699594046,"#4daf4a"
9.8,5.5,2.0297699594046,"#4daf4a"
9.6,5.5,2.0297699594046,"#4daf4a"
9,5.5,5.58186738836265,"#377eb8"
9.2,5.2,5.58186738836265,"#377eb8"
9.4,5.2,5.58186738836265,"#377eb8"
10,2.8,5.58186738836265,"#4daf4a"
9.8,3.1,5.58186738836265,"#4daf4a"
9.6,3.1,5.58186738836265,"#4daf4a"
9,2.8,0.03382949932341,"#f781bf"
9.2,3,0.03382949932341,"#f781bf"
9.4,3,0.03382949932341,"#f781bf"
10,4.6,0.03382949932341,"#377eb8"
9.8,4.4,0.03382949932341,"#377eb8"
9.6,4.4,0.03382949932341,"#377eb8"
9,2.8,0.13531799729364,"#4daf4a"
9.2,3.1,0.13531799729364,"#4daf4a"
9.4,3.1,0.13531799729364,"#4daf4a"
10,5.5,0.13531799729364,"#377eb8"
9.8,5.2,0.13531799729364,"#377eb8"
9.6,5.2,0.13531799729364,"#377eb8"
9,2.8,0.03382949932341,"#377eb8"
9.2,2.8,0.03382949932341,"#377eb8"
9.4,2.8,0.03382949932341,"#377eb8"
10,2.8,0.03382949932341,"#377eb8"
9.8,2.8,0.03382949932341,"#377eb8"
9.6,2.8,0.03382949932341,"#377eb8"
10,6.4,1.75913396481732,"#ffd300"
10.2,6.4,1.75913396481732,"#ffd300"
10.4,6.4,1.75913396481732,"#ffd300"
11,6.4,1.75913396481732,"#ffd300"
10.8,6.4,1.75913396481732,"#ffd300"
10.6,6.4,1.75913396481732,"#ffd300"
10,6.4,0.06765899864682,"#e41a1c"
10.2,5.9,0.06765899864682,"#e41a1c"
10.4,5.9,0.06765899864682,"#e41a1c"
11,1.9,0.06765899864682,"#ffd300"
10.8,2.4,0.06765899864682,"#ffd300"
10.6,2.4,0.06765899864682,"#ffd300"
10,6.4,0.10148849797023,"#AAAAAA"
10.2,5.8,0.10148849797023,"#AAAAAA"
10.4,5.8,0.10148849797023,"#AAAAAA"
11,1,0.10148849797023,"#ffd300"
10.8,1.6,0.10148849797023,"#ffd300"
10.6,1.6,0.10148849797023,"#ffd300"
10,6.4,17.4221921515562,"#4daf4a"
10.2,6.3,17.4221921515562,"#4daf4a"
10.4,6.3,17.4221921515562,"#4daf4a"
11,5.5,17.4221921515562,"#ffd300"
10.8,5.6,17.4221921515562,"#ffd300"
10.6,5.6,17.4221921515562,"#ffd300"
10,6.4,7.74695534506089,"#377eb8"
10.2,6,7.74695534506089,"#377eb8"
10.4,6,7.74695534506089,"#377eb8"
11,2.8,7.74695534506089,"#ffd300"
10.8,3.2,7.74695534506089,"#ffd300"
10.6,3.2,7.74695534506089,"#ffd300"
10,1.9,0.03382949932341,"#377eb8"
10.2,2,0.03382949932341,"#377eb8"
10.4,2,0.03382949932341,"#377eb8"
11,2.8,0.03382949932341,"#e41a1c"
10.8,2.7,0.03382949932341,"#e41a1c"
10.6,2.7,0.03382949932341,"#e41a1c"
10,4.6,0.06765899864682,"#ffd300"
10.2,4.8,0.06765899864682,"#ffd300"
10.4,4.8,0.06765899864682,"#ffd300"
11,6.4,0.06765899864682,"#f781bf"
10.8,6.2,0.06765899864682,"#f781bf"
10.6,6.2,0.06765899864682,"#f781bf"
10,4.6,0.03382949932341,"#377eb8"
10.2,4.4,0.03382949932341,"#377eb8"
10.4,4.4,0.03382949932341,"#377eb8"
11,2.8,0.03382949932341,"#f781bf"
10.8,3,0.03382949932341,"#f781bf"
10.6,3,0.03382949932341,"#f781bf"
10,1,0.06765899864682,"#ffd300"
10.2,1.6,0.06765899864682,"#ffd300"
10.4,1.6,0.06765899864682,"#ffd300"
11,6.4,0.06765899864682,"#AAAAAA"
10.8,5.8,0.06765899864682,"#AAAAAA"
10.6,5.8,0.06765899864682,"#AAAAAA"
10,1,38.2273342354533,"#AAAAAA"
10.2,1,38.2273342354533,"#AAAAAA"
10.4,1,38.2273342354533,"#AAAAAA"
11,1,38.2273342354533,"#AAAAAA"
10.8,1,38.2273342354533,"#AAAAAA"
10.6,1,38.2273342354533,"#AAAAAA"
10,1,0.03382949932341,"#4daf4a"
10.2,1.5,0.03382949932341,"#4daf4a"
10.4,1.5,0.03382949932341,"#4daf4a"
11,5.5,0.03382949932341,"#AAAAAA"
10.8,5,0.03382949932341,"#AAAAAA"
10.6,5,0.03382949932341,"#AAAAAA"
10,5.5,13.4303112313938,"#ffd300"
10.2,5.6,13.4303112313938,"#ffd300"
10.4,5.6,13.4303112313938,"#ffd300"
11,6.4,13.4303112313938,"#4daf4a"
10.8,6.3,13.4303112313938,"#4daf4a"
10.6,6.3,13.4303112313938,"#4daf4a"
10,5.5,0.03382949932341,"#AAAAAA"
10.2,5,0.03382949932341,"#AAAAAA"
10.4,5,0.03382949932341,"#AAAAAA"
11,1,0.03382949932341,"#4daf4a"
10.8,1.5,0.03382949932341,"#4daf4a"
10.6,1.5,0.03382949932341,"#4daf4a"
10,5.5,0.84573748308525,"#4daf4a"
10.2,5.5,0.84573748308525,"#4daf4a"
10.4,5.5,0.84573748308525,"#4daf4a"
11,5.5,0.84573748308525,"#4daf4a"
10.8,5.5,0.84573748308525,"#4daf4a"
10.6,5.5,0.84573748308525,"#4daf4a"
10,5.5,1.11637347767253,"#377eb8"
10.2,5.2,1.11637347767253,"#377eb8"
10.4,5.2,1.11637347767253,"#377eb8"
11,2.8,1.11637347767253,"#4daf4a"
10.8,3.1,1.11637347767253,"#4daf4a"
10.6,3.1,1.11637347767253,"#4daf4a"
10,2.8,12.9905277401894,"#ffd300"
10.2,3.2,12.9905277401894,"#ffd300"
10.4,3.2,12.9905277401894,"#ffd300"
11,6.4,12.9905277401894,"#377eb8"
10.8,6,12.9905277401894,"#377eb8"
10.6,6,12.9905277401894,"#377eb8"
10,2.8,0.64276048714479,"#e41a1c"
10.2,2.7,0.64276048714479,"#e41a1c"
10.4,2.7,0.64276048714479,"#e41a1c"
11,1.9,0.64276048714479,"#377eb8"
10.8,2,0.64276048714479,"#377eb8"
10.6,2,0.64276048714479,"#377eb8"
10,2.8,5.37889039242219,"#4daf4a"
10.2,3.1,5.37889039242219,"#4daf4a"
10.4,3.1,5.37889039242219,"#4daf4a"
11,5.5,5.37889039242219,"#377eb8"
10.8,5.2,5.37889039242219,"#377eb8"
10.6,5.2,5.37889039242219,"#377eb8"
11,6.4,15.9336941813261,"#ffd300"
11.2,6.4,15.9336941813261,"#ffd300"
11.4,6.4,15.9336941813261,"#ffd300"
12,6.4,15.9336941813261,"#ffd300"
11.8,6.4,15.9336941813261,"#ffd300"
11.6,6.4,15.9336941813261,"#ffd300"
11,6.4,0.10148849797023,"#e41a1c"
11.2,5.9,0.10148849797023,"#e41a1c"
11.4,5.9,0.10148849797023,"#e41a1c"
12,1.9,0.10148849797023,"#ffd300"
11.8,2.4,0.10148849797023,"#ffd300"
11.6,2.4,0.10148849797023,"#ffd300"
11,6.4,0.40595399188092,"#AAAAAA"
11.2,5.8,0.40595399188092,"#AAAAAA"
11.4,5.8,0.40595399188092,"#AAAAAA"
12,1,0.40595399188092,"#ffd300"
11.8,1.6,0.40595399188092,"#ffd300"
11.6,1.6,0.40595399188092,"#ffd300"
11,6.4,0.98105548037889,"#4daf4a"
11.2,6.3,0.98105548037889,"#4daf4a"
11.4,6.3,0.98105548037889,"#4daf4a"
12,5.5,0.98105548037889,"#ffd300"
11.8,5.6,0.98105548037889,"#ffd300"
11.6,5.6,0.98105548037889,"#ffd300"
11,6.4,10.893098782138,"#377eb8"
11.2,6,10.893098782138,"#377eb8"
11.4,6,10.893098782138,"#377eb8"
12,2.8,10.893098782138,"#ffd300"
11.8,3.2,10.893098782138,"#ffd300"
11.6,3.2,10.893098782138,"#ffd300"
11,1.9,0.43978349120433,"#ffd300"
11.2,2.4,0.43978349120433,"#ffd300"
11.4,2.4,0.43978349120433,"#ffd300"
12,6.4,0.43978349120433,"#e41a1c"
11.8,5.9,0.43978349120433,"#e41a1c"
11.6,5.9,0.43978349120433,"#e41a1c"
11,1.9,0.13531799729364,"#AAAAAA"
11.2,1.8,0.13531799729364,"#AAAAAA"
11.4,1.8,0.13531799729364,"#AAAAAA"
12,1,0.13531799729364,"#e41a1c"
11.8,1.1,0.13531799729364,"#e41a1c"
11.6,1.1,0.13531799729364,"#e41a1c"
11,1.9,0.13531799729364,"#4daf4a"
11.2,2.3,0.13531799729364,"#4daf4a"
11.4,2.3,0.13531799729364,"#4daf4a"
12,5.5,0.13531799729364,"#e41a1c"
11.8,5.1,0.13531799729364,"#e41a1c"
11.6,5.1,0.13531799729364,"#e41a1c"
11,1,0.57510148849797,"#ffd300"
11.2,1.6,0.57510148849797,"#ffd300"
11.4,1.6,0.57510148849797,"#ffd300"
12,6.4,0.57510148849797,"#AAAAAA"
11.8,5.8,0.57510148849797,"#AAAAAA"
11.6,5.8,0.57510148849797,"#AAAAAA"
11,1,37.4830852503383,"#AAAAAA"
11.2,1,37.4830852503383,"#AAAAAA"
11.4,1,37.4830852503383,"#AAAAAA"
12,1,37.4830852503383,"#AAAAAA"
11.8,1,37.4830852503383,"#AAAAAA"
11.6,1,37.4830852503383,"#AAAAAA"
11,1,0.27063599458728,"#4daf4a"
11.2,1.5,0.27063599458728,"#4daf4a"
11.4,1.5,0.27063599458728,"#4daf4a"
12,5.5,0.27063599458728,"#AAAAAA"
11.8,5,0.27063599458728,"#AAAAAA"
11.6,5,0.27063599458728,"#AAAAAA"
11,1,0.03382949932341,"#377eb8"
11.2,1.2,0.03382949932341,"#377eb8"
11.4,1.2,0.03382949932341,"#377eb8"
12,2.8,0.03382949932341,"#AAAAAA"
11.8,2.6,0.03382949932341,"#AAAAAA"
11.6,2.6,0.03382949932341,"#AAAAAA"
11,5.5,16.914749661705,"#ffd300"
11.2,5.6,16.914749661705,"#ffd300"
11.4,5.6,16.914749661705,"#ffd300"
12,6.4,16.914749661705,"#4daf4a"
11.8,6.3,16.914749661705,"#4daf4a"
11.6,6.3,16.914749661705,"#4daf4a"
11,5.5,0.30446549391069,"#AAAAAA"
11.2,5,0.30446549391069,"#AAAAAA"
11.4,5,0.30446549391069,"#AAAAAA"
12,1,0.30446549391069,"#4daf4a"
11.8,1.5,0.30446549391069,"#4daf4a"
11.6,1.5,0.30446549391069,"#4daf4a"
11,5.5,0.81190798376184,"#4daf4a"
11.2,5.5,0.81190798376184,"#4daf4a"
11.4,5.5,0.81190798376184,"#4daf4a"
12,5.5,0.81190798376184,"#4daf4a"
11.8,5.5,0.81190798376184,"#4daf4a"
11.6,5.5,0.81190798376184,"#4daf4a"
11,5.5,5.64952638700947,"#377eb8"
11.2,5.2,5.64952638700947,"#377eb8"
11.4,5.2,5.64952638700947,"#377eb8"
12,2.8,5.64952638700947,"#4daf4a"
11.8,3.1,5.64952638700947,"#4daf4a"
11.6,3.1,5.64952638700947,"#4daf4a"
11,2.8,0.91339648173207,"#ffd300"
11.2,3.2,0.91339648173207,"#ffd300"
11.4,3.2,0.91339648173207,"#ffd300"
12,6.4,0.91339648173207,"#377eb8"
11.8,6,0.91339648173207,"#377eb8"
11.6,6,0.91339648173207,"#377eb8"
11,2.8,0.47361299052774,"#e41a1c"
11.2,2.7,0.47361299052774,"#e41a1c"
11.4,2.7,0.47361299052774,"#e41a1c"
12,1.9,0.47361299052774,"#377eb8"
11.8,2,0.47361299052774,"#377eb8"
11.6,2,0.47361299052774,"#377eb8"
11,2.8,3.48443843031123,"#AAAAAA"
11.2,2.6,3.48443843031123,"#AAAAAA"
11.4,2.6,3.48443843031123,"#AAAAAA"
12,1,3.48443843031123,"#377eb8"
11.8,1.2,3.48443843031123,"#377eb8"
11.6,1.2,3.48443843031123,"#377eb8"
11,2.8,4.0595399188092,"#4daf4a"
11.2,3.1,4.0595399188092,"#4daf4a"
11.4,3.1,4.0595399188092,"#4daf4a"
12,5.5,4.0595399188092,"#377eb8"
11.8,5.2,4.0595399188092,"#377eb8"
11.6,5.2,4.0595399188092,"#377eb8"
12,6.4,3.89039242219215,"#ffd300"
12.2,6.4,3.89039242219215,"#ffd300"
12.4,6.4,3.89039242219215,"#ffd300"
13,6.4,3.89039242219215,"#ffd300"
12.8,6.4,3.89039242219215,"#ffd300"
12.6,6.4,3.89039242219215,"#ffd300"
12,6.4,0.50744248985115,"#e41a1c"
12.2,5.9,0.50744248985115,"#e41a1c"
12.4,5.9,0.50744248985115,"#e41a1c"
13,1.9,0.50744248985115,"#ffd300"
12.8,2.4,0.50744248985115,"#ffd300"
12.6,2.4,0.50744248985115,"#ffd300"
12,6.4,0.10148849797023,"#AAAAAA"
12.2,5.8,0.10148849797023,"#AAAAAA"
12.4,5.8,0.10148849797023,"#AAAAAA"
13,1,0.10148849797023,"#ffd300"
12.8,1.6,0.10148849797023,"#ffd300"
12.6,1.6,0.10148849797023,"#ffd300"
12,6.4,11.0960757780785,"#4daf4a"
12.2,6.3,11.0960757780785,"#4daf4a"
12.4,6.3,11.0960757780785,"#4daf4a"
13,5.5,11.0960757780785,"#ffd300"
12.8,5.6,11.0960757780785,"#ffd300"
12.6,5.6,11.0960757780785,"#ffd300"
12,6.4,19.1813261163735,"#377eb8"
12.2,6,19.1813261163735,"#377eb8"
12.4,6,19.1813261163735,"#377eb8"
13,2.8,19.1813261163735,"#ffd300"
12.8,3.2,19.1813261163735,"#ffd300"
12.6,3.2,19.1813261163735,"#ffd300"
12,1.9,0.43978349120433,"#ffd300"
12.2,2.4,0.43978349120433,"#ffd300"
12.4,2.4,0.43978349120433,"#ffd300"
13,6.4,0.43978349120433,"#e41a1c"
12.8,5.9,0.43978349120433,"#e41a1c"
12.6,5.9,0.43978349120433,"#e41a1c"
12,1.9,0.10148849797023,"#AAAAAA"
12.2,1.8,0.10148849797023,"#AAAAAA"
12.4,1.8,0.10148849797023,"#AAAAAA"
13,1,0.10148849797023,"#e41a1c"
12.8,1.1,0.10148849797023,"#e41a1c"
12.6,1.1,0.10148849797023,"#e41a1c"
12,1.9,0.03382949932341,"#377eb8"
12.2,2,0.03382949932341,"#377eb8"
12.4,2,0.03382949932341,"#377eb8"
13,2.8,0.03382949932341,"#e41a1c"
12.8,2.7,0.03382949932341,"#e41a1c"
12.6,2.7,0.03382949932341,"#e41a1c"
12,4.6,0.03382949932341,"#f781bf"
12.2,4.6,0.03382949932341,"#f781bf"
12.4,4.6,0.03382949932341,"#f781bf"
13,4.6,0.03382949932341,"#f781bf"
12.8,4.6,0.03382949932341,"#f781bf"
12.6,4.6,0.03382949932341,"#f781bf"
12,4.6,0.03382949932341,"#4daf4a"
12.2,4.7,0.03382949932341,"#4daf4a"
12.4,4.7,0.03382949932341,"#4daf4a"
13,5.5,0.03382949932341,"#f781bf"
12.8,5.4,0.03382949932341,"#f781bf"
12.6,5.4,0.03382949932341,"#f781bf"
12,1,3.55209742895805,"#ffd300"
12.2,1.6,3.55209742895805,"#ffd300"
12.4,1.6,3.55209742895805,"#ffd300"
13,6.4,3.55209742895805,"#AAAAAA"
12.8,5.8,3.55209742895805,"#AAAAAA"
12.6,5.8,3.55209742895805,"#AAAAAA"
12,1,0.10148849797023,"#f781bf"
12.2,1.4,0.10148849797023,"#f781bf"
12.4,1.4,0.10148849797023,"#f781bf"
13,4.6,0.10148849797023,"#AAAAAA"
12.8,4.2,0.10148849797023,"#AAAAAA"
12.6,4.2,0.10148849797023,"#AAAAAA"
12,1,37.8213802435724,"#AAAAAA"
12.2,1,37.8213802435724,"#AAAAAA"
12.4,1,37.8213802435724,"#AAAAAA"
13,1,37.8213802435724,"#AAAAAA"
12.8,1,37.8213802435724,"#AAAAAA"
12.6,1,37.8213802435724,"#AAAAAA"
12,1,0.27063599458728,"#4daf4a"
12.2,1.5,0.27063599458728,"#4daf4a"
12.4,1.5,0.27063599458728,"#4daf4a"
13,5.5,0.27063599458728,"#AAAAAA"
12.8,5,0.27063599458728,"#AAAAAA"
12.6,5,0.27063599458728,"#AAAAAA"
12,5.5,5.54803788903924,"#ffd300"
12.2,5.6,5.54803788903924,"#ffd300"
12.4,5.6,5.54803788903924,"#ffd300"
13,6.4,5.54803788903924,"#4daf4a"
12.8,6.3,5.54803788903924,"#4daf4a"
12.6,6.3,5.54803788903924,"#4daf4a"
12,5.5,0.20297699594046,"#AAAAAA"
12.2,5,0.20297699594046,"#AAAAAA"
12.4,5,0.20297699594046,"#AAAAAA"
13,1,0.20297699594046,"#4daf4a"
12.8,1.5,0.20297699594046,"#4daf4a"
12.6,1.5,0.20297699594046,"#4daf4a"
12,5.5,0.16914749661705,"#4daf4a"
12.2,5.5,0.16914749661705,"#4daf4a"
12.4,5.5,0.16914749661705,"#4daf4a"
13,5.5,0.16914749661705,"#4daf4a"
12.8,5.5,0.16914749661705,"#4daf4a"
12.6,5.5,0.16914749661705,"#4daf4a"
12,5.5,0.3382949932341,"#377eb8"
12.2,5.2,0.3382949932341,"#377eb8"
12.4,5.2,0.3382949932341,"#377eb8"
13,2.8,0.3382949932341,"#4daf4a"
12.8,3.1,0.3382949932341,"#4daf4a"
12.6,3.1,0.3382949932341,"#4daf4a"
12,2.8,16.3058186738836,"#ffd300"
12.2,3.2,16.3058186738836,"#ffd300"
12.4,3.2,16.3058186738836,"#ffd300"
13,6.4,16.3058186738836,"#377eb8"
12.8,6,16.3058186738836,"#377eb8"
12.6,6,16.3058186738836,"#377eb8"
12,2.8,0.13531799729364,"#AAAAAA"
12.2,2.6,0.13531799729364,"#AAAAAA"
12.4,2.6,0.13531799729364,"#AAAAAA"
13,1,0.13531799729364,"#377eb8"
12.8,1.2,0.13531799729364,"#377eb8"
12.6,1.2,0.13531799729364,"#377eb8"
12,2.8,0.13531799729364,"#4daf4a"
12.2,3.1,0.13531799729364,"#4daf4a"
12.4,3.1,0.13531799729364,"#4daf4a"
13,5.5,0.13531799729364,"#377eb8"
12.8,5.2,0.13531799729364,"#377eb8"
12.6,5.2,0.13531799729364,"#377eb8"
13,6.4,0.98105548037889,"#ffd300"
13.2,6.4,0.98105548037889,"#ffd300"
13.4,6.4,0.98105548037889,"#ffd300"
14,6.4,0.98105548037889,"#ffd300"
13.8,6.4,0.98105548037889,"#ffd300"
13.6,6.4,0.98105548037889,"#ffd300"
13,6.4,0.03382949932341,"#AAAAAA"
13.2,5.8,0.03382949932341,"#AAAAAA"
13.4,5.8,0.03382949932341,"#AAAAAA"
14,1,0.03382949932341,"#ffd300"
13.8,1.6,0.03382949932341,"#ffd300"
13.6,1.6,0.03382949932341,"#ffd300"
13,6.4,28.7212449255751,"#4daf4a"
13.2,6.3,28.7212449255751,"#4daf4a"
13.4,6.3,28.7212449255751,"#4daf4a"
14,5.5,28.7212449255751,"#ffd300"
13.8,5.6,28.7212449255751,"#ffd300"
13.6,5.6,28.7212449255751,"#ffd300"
13,1.9,0.50744248985115,"#ffd300"
13.2,2.4,0.50744248985115,"#ffd300"
13.4,2.4,0.50744248985115,"#ffd300"
14,6.4,0.50744248985115,"#e41a1c"
13.8,5.9,0.50744248985115,"#e41a1c"
13.6,5.9,0.50744248985115,"#e41a1c"
13,4.6,0.03382949932341,"#f781bf"
13.2,4.6,0.03382949932341,"#f781bf"
13.4,4.6,0.03382949932341,"#f781bf"
14,4.6,0.03382949932341,"#f781bf"
13.8,4.6,0.03382949932341,"#f781bf"
13.6,4.6,0.03382949932341,"#f781bf"
13,4.6,0.06765899864682,"#AAAAAA"
13.2,4.2,0.06765899864682,"#AAAAAA"
13.4,4.2,0.06765899864682,"#AAAAAA"
14,1,0.06765899864682,"#f781bf"
13.8,1.4,0.06765899864682,"#f781bf"
13.6,1.4,0.06765899864682,"#f781bf"
13,1,0.20297699594046,"#ffd300"
13.2,1.6,0.20297699594046,"#ffd300"
13.4,1.6,0.20297699594046,"#ffd300"
14,6.4,0.20297699594046,"#AAAAAA"
13.8,5.8,0.20297699594046,"#AAAAAA"
13.6,5.8,0.20297699594046,"#AAAAAA"
13,1,38.0581867388363,"#AAAAAA"
13.2,1,38.0581867388363,"#AAAAAA"
13.4,1,38.0581867388363,"#AAAAAA"
14,1,38.0581867388363,"#AAAAAA"
13.8,1,38.0581867388363,"#AAAAAA"
13.6,1,38.0581867388363,"#AAAAAA"
13,1,0.03382949932341,"#4daf4a"
13.2,1.5,0.03382949932341,"#4daf4a"
13.4,1.5,0.03382949932341,"#4daf4a"
14,5.5,0.03382949932341,"#AAAAAA"
13.8,5,0.03382949932341,"#AAAAAA"
13.6,5,0.03382949932341,"#AAAAAA"
13,1,0.10148849797023,"#377eb8"
13.2,1.2,0.10148849797023,"#377eb8"
13.4,1.2,0.10148849797023,"#377eb8"
14,2.8,0.10148849797023,"#AAAAAA"
13.8,2.6,0.10148849797023,"#AAAAAA"
13.6,2.6,0.10148849797023,"#AAAAAA"
13,5.5,11.3667117726658,"#ffd300"
13.2,5.6,11.3667117726658,"#ffd300"
13.4,5.6,11.3667117726658,"#ffd300"
14,6.4,11.3667117726658,"#4daf4a"
13.8,6.3,11.3667117726658,"#4daf4a"
13.6,6.3,11.3667117726658,"#4daf4a"
13,5.5,0.16914749661705,"#AAAAAA"
13.2,5,0.16914749661705,"#AAAAAA"
13.4,5,0.16914749661705,"#AAAAAA"
14,1,0.16914749661705,"#4daf4a"
13.8,1.5,0.16914749661705,"#4daf4a"
13.6,1.5,0.16914749661705,"#4daf4a"
13,5.5,0.16914749661705,"#4daf4a"
13.2,5.5,0.16914749661705,"#4daf4a"
13.4,5.5,0.16914749661705,"#4daf4a"
14,5.5,0.16914749661705,"#4daf4a"
13.8,5.5,0.16914749661705,"#4daf4a"
13.6,5.5,0.16914749661705,"#4daf4a"
13,2.8,19.3166441136671,"#ffd300"
13.2,3.2,19.3166441136671,"#ffd300"
13.4,3.2,19.3166441136671,"#ffd300"
14,6.4,19.3166441136671,"#377eb8"
13.8,6,19.3166441136671,"#377eb8"
13.6,6,19.3166441136671,"#377eb8"
13,2.8,0.23680649526387,"#4daf4a"
13.2,3.1,0.23680649526387,"#4daf4a"
13.4,3.1,0.23680649526387,"#4daf4a"
14,5.5,0.23680649526387,"#377eb8"
13.8,5.2,0.23680649526387,"#377eb8"
13.6,5.2,0.23680649526387,"#377eb8"
